Workbook

Sheet day 1
X1: Day 1 | Z1: Day 1 | AA1: Day 2
B2: Name | C2: 1 | D2: 2 | E2: 3 | F2: 4 | G2: 5 | H2: 6 | I2: 7 | J2: 8 | K2: 9 | L2: Front | M2: 10 | N2: 11 | O2: 12 | P2: 13 | Q2: 14 | R2: 15 | S2: 16 | T2: 17 | U2: 18 | V2: Back | W2: Total | X2: HDCP | Z2: Net | AA2: HDCP
A3: 1 | B3: Colin Sullivan | C3: 6 | D3: 5 | E3: 6 | F3: 9 | G3: 5 | H3: 6 | I3: 6 | J3: 5 | K3: 6 | L3: =SUM(C3:K3) -> 54 | M3: 6 | N3: 7 | O3: 6 | P3: 6 | Q3: 5 | R3: 4 | S3: 6 | T3: 5 | U3: 5 | V3: =SUM(M3:U3) -> 50 | W3: =+L3+V3 -> 104 | X3: 36 | Y3: =(+W3-70)*0.87 -> 29.58 | Z3: =+W3-X3 -> 68 | AA3: =(W3-70)*0.875 -> 29.75
A4: =+A3+1 -> 2 | B4: Bernie Sullivan | C4: 4 | D4: 5 | E4: 4 | F4: 5 | G4: 3 | H4: 4 | I4: 4 | J4: 5 | K4: 4 | L4: =SUM(C4:K4) -> 38 | M4: 6 | N4: 5 | O4: 5 | P4: 7 | Q4: 5 | R4: 5 | S4: 4 | T4: 7 | U4: 4 | V4: =SUM(M4:U4) -> 48 | W4: =+L4+V4 -> 86 | X4: 22.75 | Y4: =(+W4-70)*0.875 -> 14 | Z4: =+W4-X4 -> 63.25 | AA4: =(W4-70)*0.875 -> 14
A5: =+A4+1 -> 3 | B5: Joe McCardel | C5: 6 | D5: 6 | E5: 6 | F5: 7 | G5: 5 | H5: 4 | I5: 5 | J5: 6 | K5: 4 | L5: =SUM(C5:K5) -> 49 | M5: 6 | N5: 5 | O5: 8 | P5: 8 | Q5: 4 | R5: 3 | S5: 9 | T5: 9 | U5: 4 | V5: =SUM(M5:U5) -> 56 | W5: =+L5+V5 -> 105 | X5: 29.75 | Y5: =(+W5-70)*0.875 -> 30.625 | Z5: =+W5-X5 -> 75.25 | AA5: =(W5-70)*0.875 -> 30.625
A6: =+A5+1 -> 4 | B6: Dave Brauer | C6: 5 | D6: 5 | E6: 5 | F6: 5 | G6: 4 | H6: 4 | I6: 6 | J6: 5 | K6: 5 | L6: =SUM(C6:K6) -> 44 | M6: 5 | N6: 5 | O6: 4 | P6: 7 | Q6: 4 | R6: 4 | S6: 5 | T6: 5 | U6: 5 | V6: =SUM(M6:U6) -> 44 | W6: =+L6+V6 -> 88 | X6: 20.125 | Y6: =(+W6-70)*0.875 -> 15.75 | Z6: =+W6-X6 -> 67.875 | AA6: =(W6-70)*0.875 -> 15.75
A7: =+A6+1 -> 5 | B7: John Sullivan | C7: 6 | D7: 5 | E7: 5 | F7: 5 | G7: 4 | H7: 4 | I7: 6 | J7: 5 | K7: 5 | L7: =SUM(C7:K7) -> 45 | M7: 6 | N7: 5 | O7: 7 | P7: 7 | Q7: 3 | R7: 4 | S7: 6 | T7: 6 | U7: 6 | V7: =SUM(M7:U7) -> 50 | W7: =+L7+V7 -> 95 | X7: 18.375 | Y7: =(+W7-70)*0.875 -> 21.875 | Z7: =+W7-X7 -> 76.625 | AA7: =(W7-70)*0.875 -> 21.875
A8: =+A7+1 -> 6 | B8: Ralph | C8: 4 | D8: 4 | E8: 4 | F8: 5 | G8: 4 | H8: 4 | I8: 5 | J8: 5 | K8: 5 | L8: =SUM(C8:K8) -> 40 | M8: 4 | N8: 5 | O8: 5 | P8: 6 | Q8: 4 | R8: 3 | S8: 6 | T8: 5 | U8: 5 | V8: =SUM(M8:U8) -> 43 | W8: =+L8+V8 -> 83 | X8: 24.5 | Y8: =(+W8-70)*0.875 -> 11.375 | Z8: =+W8-X8 -> 58.5 | AA8: =(W8-70)*0.875 -> 11.375
A9: =+A8+1 -> 7 | B9: Leo | C9: 11 | D9: 7 | E9: 9 | F9: 9 | G9: 4 | H9: 5 | I9: 10 | J9: 9 | K9: 6 | L9: =SUM(C9:K9) -> 70 | M9: 7 | N9: 7 | O9: 8 | P9: 9 | Q9: 4 | R9: 7 | S9: 8 | T9: 7 | U9: 8 | V9: =SUM(M9:U9) -> 65 | W9: =+L9+V9 -> 135 | X9: 56.875 | Y9: =(+W9-70)*0.875 -> 56.875 | Z9: =+W9-X9 -> 78.125 | AA9: =(W9-70)*0.875 -> 56.875
A10: =+A9+1 -> 8 | B10: Matt Lawrence | C10: 5 | D10: 4 | E10: 5 | F10: 8 | G10: 3 | H10: 4 | I10: 4 | J10: 5 | K10: 5 | L10: =SUM(C10:K10) -> 43 | M10: 5 | N10: 6 | O10: 5 | P10: 6 | Q10: 4 | R10: 4 | S10: 5 | T10: 8 | U10: 5 | V10: =SUM(M10:U10) -> 48 | W10: =+L10+V10 -> 91 | X10: 14.875 | Y10: =(+W10-70)*0.875 -> 18.375 | Z10: =+W10-X10 -> 76.125 | AA10: =(W10-70)*0.875 -> 18.375
A11: =+A10+1 -> 9 | B11: Jerry Flynn | C11: 5 | D11: 5 | E11: 4 | F11: 6 | G11: 4 | H11: 4 | I11: 6 | J11: 5 | K11: 5 | L11: =SUM(C11:K11) -> 44 | M11: 5 | N11: 7 | O11: 5 | P11: 6 | Q11: 3 | R11: 3 | S11: 6 | T11: 6 | U11: 4 | V11: =SUM(M11:U11) -> 45 | W11: =+L11+V11 -> 89 | X11: 15.75 | Y11: =(+W11-70)*0.875 -> 16.625 | Z11: =+W11-X11 -> 73.25 | AA11: =(W11-70)*0.875 -> 16.625
A12: =+A11+1 -> 10 | B12: Mike Flynn | C12: 5 | D12: 4 | E12: 4 | F12: 5 | G12: 4 | H12: 4 | I12: 4 | J12: 4 | K12: 4 | L12: =SUM(C12:K12) -> 38 | M12: 5 | N12: 5 | O12: 6 | P12: 5 | Q12: 3 | R12: 3 | S12: 5 | T12: 5 | U12: 3 | V12: =SUM(M12:U12) -> 40 | W12: =+L12+V12 -> 78 | X12: 13.125 | Y12: =(+W12-70)*0.875 -> 7 | Z12: =+W12-X12 -> 64.875 | AA12: =(W12-70)*0.875 -> 7
A13: =+A12+1 -> 11 | B13: Sean Flynn | C13: 5 | D13: 4 | E13: 3 | F13: 7 | G13: 4 | H13: 3 | I13: 7 | J13: 5 | K13: 4 | L13: =SUM(C13:K13) -> 42 | M13: 4 | N13: 3 | O13: 6 | P13: 6 | Q13: 5 | R13: 4 | S13: 6 | T13: 5 | U13: 4 | V13: =SUM(M13:U13) -> 43 | W13: =+L13+V13 -> 85 | X13: 5 | Z13: =+W13-X13 -> 80 | AA13: =(W13-70)*0.875 -> 13.125
A14: =+A13+1 -> 12 | B14: Kevin Fitzgerald | C14: 6 | D14: 6 | E14: 5 | F14: 7 | G14: 3 | H14: 4 | I14: 5 | J14: 5 | K14: 5 | L14: =SUM(C14:K14) -> 46 | M14: 6 | N14: 6 | O14: 5 | P14: 6 | Q14: 3 | R14: 8 | S14: 5 | T14: 6 | U14: 8 | V14: =SUM(M14:U14) -> 53 | W14: =+L14+V14 -> 99 | X14: 25.375 | Y14: =(+W14-70)*0.875 -> 25.375 | Z14: =+W14-X14 -> 73.625 | AA14: =(W14-70)*0.875 -> 25.375
A15: =+A14+1 -> 13 | B15: Richard McGovern | C15: 5 | D15: 5 | E15: 6 | F15: 6 | G15: 5 | H15: 4 | I15: 6 | J15: 7 | K15: 5 | L15: =SUM(C15:K15) -> 49 | M15: 7 | N15: 5 | O15: 7 | P15: 7 | Q15: 3 | R15: 4 | S15: 6 | T15: 5 | U15: 5 | V15: =SUM(M15:U15) -> 49 | W15: =+L15+V15 -> 98 | X15: 28 | Y15: =(+W15-70)*0.875 -> 24.5 | Z15: =+W15-X15 -> 70 | AA15: =(W15-70)*0.875 -> 24.5
A16: =+A15+1 -> 14 | B16: Mike Fitzgerald | C16: 4 | D16: 5 | E16: 4 | F16: 5 | G16: 3 | H16: 2 | I16: 5 | J16: 6 | K16: 5 | L16: =SUM(C16:K16) -> 39 | M16: 9 | N16: 4 | O16: 5 | P16: 6 | Q16: 4 | R16: 3 | S16: 4 | T16: 5 | U16: 4 | V16: =SUM(M16:U16) -> 44 | W16: =+L16+V16 -> 83 | X16: 14 | Y16: =(+W16-70)*0.875 -> 11.375 | Z16: =+W16-X16 -> 69 | AA16: =(W16-70)*0.875 -> 11.375
A17: =+A16+1 -> 15 | B17: Matt Brauer | C17: 4 | D17: 5 | E17: 4 | F17: 5 | G17: 3 | H17: 4 | I17: 4 | J17: 4 | K17: 5 | L17: =SUM(C17:K17) -> 38 | M17: 4 | N17: 6 | O17: 4 | P17: 5 | Q17: 4 | R17: 3 | S17: 5 | T17: 4 | U17: 4 | V17: =SUM(M17:U17) -> 39 | W17: =+L17+V17 -> 77 | X17: 0 | Y17: =(+W17-70)*0.875 -> 6.125 | Z17: =+W17-X17 -> 77 | AA17: =(W17-70)*0.875 -> 6.125
A18: =+A17+1 -> 16 | B18: Blake Dougan | C18: 5 | D18: 5 | E18: 5 | F18: 6 | G18: 6 | H18: 6 | I18: 6 | J18: 6 | K18: 6 | L18: =SUM(C18:K18) -> 51 | M18: 7 | N18: 6 | O18: 6 | P18: 7 | Q18: 3 | R18: 5 | S18: 5 | T18: 5 | U18: 7 | V18: =SUM(M18:U18) -> 51 | W18: =+L18+V18 -> 102 | X18: 0 | Z18: =+W18-X18 -> 102 | AA18: =(W18-70)*0.875 -> 28
A19: =+A18+1 -> 17 | B19: Mike Dougan | C19: 7 | D19: 3 | E19: 6 | F19: 6 | G19: 4 | H19: 4 | I19: 6 | J19: 5 | K19: 6 | L19: =SUM(C19:K19) -> 47 | M19: 6 | N19: 6 | O19: 5 | P19: 6 | Q19: 4 | R19: 4 | S19: 5 | T19: 6 | U19: 8 | V19: =SUM(M19:U19) -> 50 | W19: =+L19+V19 -> 97 | X19: 0 | Z19: =+W19-X19 -> 97 | AA19: =(W19-70)*0.875 -> 23.625
A20: =+A19+1 -> 18 | B20: TJ Williams | C20: 4 | D20: 7 | E20: 6 | F20: 10 | G20: 4 | H20: 7 | I20: 5 | J20: 4 | K20: 6 | L20: =SUM(C20:K20) -> 53 | M20: 6 | N20: 5 | O20: 6 | P20: 6 | Q20: 3 | R20: 6 | S20: 5 | T20: 4 | U20: 5 | V20: =SUM(M20:U20) -> 46 | W20: =+L20+V20 -> 99 | X20: 0 | Z20: =+W20-X20 -> 99 | AA20: =(W20-70)*0.875 -> 25.375
A21: =+A20+1 -> 19 | B21: Brian McGovern | C21: 5 | D21: 5 | E21: 5 | F21: 5 | G21: 3 | H21: 4 | I21: 6 | J21: 6 | K21: 5 | L21: =SUM(C21:K21) -> 44 | M21: 5 | N21: 4 | O21: 4 | P21: 7 | Q21: 4 | R21: 5 | S21: 5 | T21: 5 | U21: 5 | V21: =SUM(M21:U21) -> 44 | W21: =+L21+V21 -> 88 | X21: 15 | Z21: =+W21-X21 -> 73 | AA21: =(W21-70)*0.875 -> 15.75
A22: =+A21+1 -> 20 | B22: Dave Keyser | C22: 5 | D22: 5 | E22: 5 | F22: 9 | G22: 4 | H22: 5 | I22: 7 | J22: 6 | K22: 5 | L22: =SUM(C22:K22) -> 51 | M22: 6 | N22: 6 | O22: 5 | P22: 7 | Q22: 4 | R22: 4 | S22: 7 | T22: 7 | U22: 5 | V22: =SUM(M22:U22) -> 51 | W22: =+L22+V22 -> 102 | X22: 24 | Y22: =SUM(M22:U22) -> 51 | Z22: =+W22-X22 -> 78 | AA22: =(W22-70)*0.875 -> 28
A23: =+A22+1 -> 21 | B23: Jack Sullivan | C23: 7 | D23: 4 | E23: 6 | F23: 7 | G23: 5 | H23: 4 | I23: 9 | J23: 5 | K23: 7 | L23: =SUM(C23:K23) -> 54 | M23: 6 | N23: 6 | O23: 7 | P23: 9 | Q23: 3 | R23: 5 | S23: 6 | T23: 8 | U23: 5 | V23: =SUM(M23:U23) -> 55 | W23: =+L23+V23 -> 109 | X23: 31 | Y23: =(+W23-70)*0.875 -> 34.125 | Z23: =+W23-X23 -> 78 | AA23: =(W23-70)*0.875 -> 34.125
A24: =+A23+1 -> 22 | B24: Chris Flynn | C24: 5 | D24: 7 | E24: 5 | F24: 7 | G24: 4 | H24: 4 | I24: 5 | J24: 7 | K24: 4 | L24: =SUM(C24:K24) -> 48 | M24: 5 | N24: 5 | O24: 6 | P24: 8 | Q24: 3 | R24: 7 | S24: 4 | T24: 5 | U24: 4 | V24: =SUM(M24:U24) -> 47 | W24: =+L24+V24 -> 95 | X24: 24 | Y24: =(+W24-70)*0.875 -> 21.875 | Z24: =+W24-X24 -> 71 | AA24: =(W24-70)*0.875 -> 21.875
B25: HDCP | C25: 11 | D25: 17 | E25: 15 | F25: 7 | G25: 3 | H25: 9 | I25: 1 | J25: 13 | K25: 5 | M25: 12 | N25: 18 | O25: 16 | P25: 8 | Q25: 4 | R25: 10 | S25: 2 | T25: 14 | U25: 6
B27: Net of HDCP
A28: 1 | B28: =+B3 -> Colin Sullivan | C28: =+C3-2 -> 4 | D28: =+D3-2 -> 3 | E28: =+E3-2 -> 4 | F28: =+F3-2 -> 7 | G28: =+G3-2 -> 3 | H28: =+H3-2 -> 4 | I28: =+I3-2 -> 4 | J28: =+J3-2 -> 3 | K28: =+K3-2 -> 4 | L28: =SUM(C28:K28) -> 36 | M28: =+M3-2 -> 4 | N28: =+N3-2 -> 5 | O28: =+O3-2 -> 4 | P28: =+P3-2 -> 4 | Q28: =+Q3-2 -> 3 | R28: =+R3-2 -> 2 | S28: =+S3-2 -> 4 | T28: =+T3-2 -> 3 | U28: =+U3-2 -> 3 | V28: =SUM(M28:U28) -> 32 | W28: =+V28+L28 -> 68 | X28: =(0.5*6)-(0.5*6) -> 0 | Y28: =(0.5*4)-(0.5*10) -> -3 | Z28: =(1*5)-(1*9) -> -4 | AA28: =SUM(X28:Z28) -> -7 | AB28: -2.6 | AC28: =SUM(AA28:AB28) -> -9.6
A29: =+A28+1 -> 2 | B29: =+B4 -> Bernie Sullivan | C29: =+C4-1 -> 3 | D29: =+D4-1 -> 4 | E29: =+E4-1 -> 3 | F29: =+F4-1 -> 4 | G29: =+G4-2 -> 1 | H29: =+H4-1 -> 3 | I29: =+I4-2 -> 2 | J29: =+J4-1 -> 4 | K29: =+K4-2 -> 2 | L29: =SUM(C29:K29) -> 26 | M29: =+M4-1 -> 5 | N29: =+N4-1 -> 4 | O29: =+O4-1 -> 4 | P29: =+P4-1 -> 6 | Q29: =+Q4-2 -> 3 | R29: =+R4-1 -> 4 | S29: =+S4-2 -> 2 | T29: =+T4-1 -> 6 | U29: =+U4-1 -> 3 | V29: =SUM(M29:U29) -> 37 | W29: =+V29+L29 -> 63 | X29: =(0.5*6)-(0.5*6) -> 0 | Y29: =(0.5*4)-(0.5*10) -> -3 | Z29: =(1*5)-(1*9) -> -4 | AA29: =SUM(X29:Z29) -> -7 | AB29: -4.7 | AC29: =SUM(AA29:AB29) -> -11.7
A30: =+A29+1 -> 3 | B30: =+B5 -> Joe McCardel | C30: =+C5-2 -> 4 | D30: =+D5-1 -> 5 | E30: =+E5-1 -> 5 | F30: =+F5-2 -> 5 | G30: =+G5-2 -> 3 | H30: =+H5-2 -> 2 | I30: =+I5-2 -> 3 | J30: =+J5-1 -> 5 | K30: =+K5-2 -> 2 | L30: =SUM(C30:K30) -> 34 | M30: =+M5-2 -> 4 | N30: =+N5-1 -> 4 | O30: =+O5-1 -> 7 | P30: =+P5-2 -> 6 | Q30: =+Q5-2 -> 2 | R30: =+R5-2 -> 1 | S30: =+S5-2 -> 7 | T30: =+T5-1 -> 8 | U30: =+U5-2 -> 2 | V30: =SUM(M30:U30) -> 41 | W30: =+V30+L30 -> 75 | X30: =(0.5*2)-(0.5*12) -> -5 | Y30: =(0.5*13)-(0.5*1) -> 6 | Z30: =(1*8)-(1*7) -> 1 | AA30: =SUM(X30:Z30) -> 2 | AB30: -0.3 | AC30: =SUM(AA30:AB30) -> 1.7
A31: =+A30+1 -> 4 | B31: =+B6 -> Dave Brauer | C31: =+C6-1 -> 4 | D31: =+D6-1 -> 4 | E31: =+E6-1 -> 4 | F31: =+F6-1 -> 4 | G31: =+G6-1 -> 3 | H31: =+H6-1 -> 3 | I31: =+I6-2 -> 4 | J31: =+J6-1 -> 4 | K31: =+K6-1 -> 4 | L31: =SUM(C31:K31) -> 34 | M31: =+M6-1 -> 4 | N31: =+N6-1 -> 4 | O31: =+O6-1 -> 3 | P31: =+P6-1 -> 6 | Q31: =+Q6-1 -> 3 | R31: =+R6-1 -> 3 | S31: =+S6-2 -> 3 | T31: =+T6-1 -> 4 | U31: =+U6-1 -> 4 | V31: =SUM(M31:U31) -> 34 | W31: =+V31+L31 -> 68 | X31: =(0.5*6)-(0.5*6) -> 0 | Y31: =(0.5*13)-(0.5*1) -> 6 | Z31: =(1*11)-(1*3) -> 8 | AA31: =SUM(X31:Z31) -> 14 | AB31: 4.9 | AC31: =SUM(AA31:AB31) -> 18.9
A32: =+A31+1 -> 5 | B32: =+B7 -> John Sullivan | C32: =+C7-1 -> 5 | D32: =+D7-1 -> 4 | E32: =+E7-1 -> 4 | F32: =+F7-1 -> 4 | G32: =+G7-1 -> 3 | H32: =+H7-1 -> 3 | I32: =+I7-1 -> 5 | J32: =+J7-1 -> 4 | K32: =+K7-1 -> 4 | L32: =SUM(C32:K32) -> 36 | M32: =+M7-1 -> 5 | N32: =+N7-1 -> 4 | O32: =+O7-1 -> 6 | P32: =+P7-1 -> 6 | Q32: =+Q7-1 -> 2 | R32: =+R7-1 -> 3 | S32: =+S7-1 -> 5 | T32: =+T7-1 -> 5 | U32: =+U7-1 -> 5 | V32: =SUM(M32:U32) -> 41 | W32: =+V32+L32 -> 77 | X32: =(0.5*6)-(0.5*6) -> 0 | Y32: =(0.5*12)-(0.5*3) -> 4.5 | Z32: =(1*10)-(1*5) -> 5 | AA32: =SUM(X32:Z32) -> 9.5 | AB32: 4.9 | AC32: =SUM(AA32:AB32) -> 14.4
A33: =+A32+1 -> 6 | B33: =+B8 -> Ralph | C33: =+C8-1 -> 3 | D33: =+D8-1 -> 3 | E33: =+E8-1 -> 3 | F33: =+F8-2 -> 3 | G33: =+G8-2 -> 2 | H33: =+H8-1 -> 3 | I33: =+I8-2 -> 3 | J33: =+J8-1 -> 4 | K33: =+K8-2 -> 3 | L33: =SUM(C33:K33) -> 27 | M33: =+M8-1 -> 3 | N33: =+N8-1 -> 4 | O33: =+O8-1 -> 4 | P33: =+P8-1 -> 5 | Q33: =+Q8-2 -> 2 | R33: =+R8-1 -> 2 | S33: =+S8-2 -> 4 | T33: =+T8-1 -> 4 | U33: =+U8-2 -> 3 | V33: =SUM(M33:U33) -> 31 | W33: =+V33+L33 -> 58 | X33: =(0.5*12)-(0.5*3) -> 4.5 | Y33: =15*0.5 -> 7.5 | Z33: 15 | AA33: =SUM(X33:Z33) -> 27 | AB33: 11.8 | AC33: =SUM(AA33:AB33) -> 38.8
A34: =+A33+1 -> 7 | B34: =+B9 -> Leo | C34: =+C9-3 -> 8 | D34: =+D9-3 -> 4 | E34: =+E9-3 -> 6 | F34: =+F9-3 -> 6 | G34: =+G9-4 -> 0 | H34: =+H9-3 -> 2 | I34: =+I9-4 -> 6 | J34: =+J9-3 -> 6 | K34: =+K9-3 -> 3 | L34: =SUM(C34:K34) -> 41 | M34: =+M9-3 -> 4 | N34: =+N9-3 -> 4 | O34: =+O9-3 -> 5 | P34: =+P9-3 -> 6 | Q34: =+Q9-3 -> 1 | R34: =+R9-3 -> 4 | S34: =+S9-4 -> 4 | T34: =+T9-3 -> 4 | U34: =+U9-3 -> 5 | V34: =SUM(M34:U34) -> 37 | W34: =+V34+L34 -> 78 | X34: =15*0.5 -> 7.5 | Y34: =(0.5*3)-(0.5*12) -> -4.5 | Z34: =(1*11)-(1*3) -> 8 | AA34: =SUM(X34:Z34) -> 11 | AB34: -0.3 | AC34: =SUM(AA34:AB34) -> 10.7
A35: =+A34+1 -> 8 | B35: =+B10 -> Matt Lawrence | C35: =+C10-1 -> 4 | D35: =+D10 -> 4 | E35: =+E10 -> 5 | F35: =+F10-1 -> 7 | G35: =+G10-1 -> 2 | H35: =+H10-1 -> 3 | I35: =+I10-1 -> 3 | J35: =+J10-1 -> 4 | K35: =+K10-1 -> 4 | L35: =SUM(C35:K35) -> 36 | M35: =+M10-1 -> 4 | N35: =+N10 -> 6 | O35: =+O10 -> 5 | P35: =+P10-1 -> 5 | Q35: =+Q10-1 -> 3 | R35: =+R10-1 -> 3 | S35: =+S10-1 -> 4 | T35: =+T10-1 -> 7 | U35: =+U10-1 -> 4 | V35: =SUM(M35:U35) -> 41 | W35: =+V35+L35 -> 77 | X35: =(0.5*13)-(0.5*2) -> 5.5 | Y35: =(0.5*10)-(0.5*4) -> 3 | Z35: =(1*13)-(1*2) -> 11 | AA35: =SUM(X35:Z35) -> 19.5 | AB35: 7.3 | AC35: =SUM(AA35:AB35) -> 26.8
A36: =+A35+1 -> 9 | B36: =+B11 -> Jerry Flynn | C36: =+C11-1 -> 4 | D36: =+D11 -> 5 | E36: =+E11-1 -> 3 | F36: =+F11-1 -> 5 | G36: =+G11-1 -> 3 | H36: =+H11-1 -> 3 | I36: =+I11-1 -> 5 | J36: =+J11-1 -> 4 | K36: =+K11-1 -> 4 | L36: =SUM(C36:K36) -> 36 | M36: =+M11-1 -> 4 | N36: =+N11 -> 7 | O36: =+O11-1 -> 4 | P36: =+P11-1 -> 5 | Q36: =+Q11-1 -> 2 | R36: =+R11-1 -> 2 | S36: =+S11-1 -> 5 | T36: =+T11-1 -> 5 | U36: =+U11-1 -> 3 | V36: =SUM(M36:U36) -> 37 | W36: =+V36+L36 -> 73 | X36: =(0.5*4)-(0.5*11) -> -3.5 | Y36: =(0.5*1)-(0.5*13) -> -6 | Z36: =(1*1)-(1*14) -> -13 | AA36: =SUM(X36:Z36) -> -22.5 | AB36: -11.1 | AC36: =SUM(AA36:AB36) -> -33.6
A37: =+A36+1 -> 10 | B37: =+B12 -> Mike Flynn | C37: =+C12-1 -> 4 | D37: =+D12 -> 4 | E37: =+E12 -> 4 | F37: =+F12-1 -> 4 | G37: =+G12-1 -> 3 | H37: =+H12-1 -> 3 | I37: =+I12-1 -> 3 | J37: =+J12-1 -> 3 | K37: =+K12-1 -> 3 | L37: =SUM(C37:K37) -> 31 | M37: =+M12-1 -> 4 | N37: =+N12 -> 5 | O37: =+O12 -> 6 | P37: =+P12-1 -> 4 | Q37: =+Q12-1 -> 2 | R37: =+R12-1 -> 2 | S37: =+S12-1 -> 4 | T37: =+T12 -> 5 | U37: =+U12-1 -> 2 | V37: =SUM(M37:U37) -> 34 | W37: =+V37+L37 -> 65 | X37: =(0.5*11)-(0.5*4) -> 3.5 | Y37: =(0.5*6)-(0.5*9) -> -1.5 | Z37: =(1*9)-(1*6) -> 3 | AA37: =SUM(X37:Z37) -> 5 | AB37: -1.9 | AC37: =SUM(AA37:AB37) -> 3.1
A38: =+A37+1 -> 11 | B38: =+B13 -> Sean Flynn | C38: =+C13 -> 5 | D38: =+D13 -> 4 | E38: =+E13 -> 3 | F38: =+F13 -> 7 | G38: =+G13-1 -> 3 | H38: =+H13 -> 3 | I38: =+I13-1 -> 6 | J38: =+J13 -> 5 | K38: =+K13-1 -> 3 | L38: =SUM(C38:K38) -> 39 | M38: =+M13 -> 4 | N38: =+N13 -> 3 | O38: =+O13 -> 6 | P38: =+P13 -> 6 | Q38: =+Q13-1 -> 4 | R38: =+R13 -> 4 | S38: =+S13-1 -> 5 | T38: =+T13 -> 5 | U38: =+U13 -> 4 | V38: =SUM(M38:U38) -> 41 | W38: =+V38+L38 -> 80 | X38: -7.5 | Y38: -7.5 | Z38: -15 | AA38: =SUM(X38:Z38) -> -30 | AB38: -12 | AC38: =SUM(AA38:AB38) -> -42
A39: =+A38+1 -> 12 | B39: =+B14 -> Kevin Fitzgerald | C39: =+C14-1 -> 5 | D39: =+D14-1 -> 5 | E39: =+E14-1 -> 4 | F39: =+F14-2 -> 5 | G39: =+G14-2 -> 1 | H39: =+H14-1 -> 3 | I39: =+I14-2 -> 3 | J39: =+J14-1 -> 4 | K39: =+K14-2 -> 3 | L39: =SUM(C39:K39) -> 33 | M39: =+M14-1 -> 5 | N39: =+N14-1 -> 5 | O39: =+O14-1 -> 4 | P39: =+P14-1 -> 5 | Q39: =+Q14-2 -> 1 | R39: =+R14-1 -> 7 | S39: =+S14-2 -> 3 | T39: =+T14-1 -> 5 | U39: =+U14-2 -> 6 | V39: =SUM(M39:U39) -> 41 | W39: =+V39+L39 -> 74 | X39: =14*0.5-0.5 -> 6.5 | Y39: =(0.5*10)-(0.5*4) -> 3 | Z39: =(1*14)-(1*1) -> 13 | AA39: =SUM(X39:Z39) -> 22.5 | AB39: 12 | AC39: =SUM(AA39:AB39) -> 34.5
A40: =+A39+1 -> 13 | B40: =+B15 -> Richard McGovern | C40: =+C15-1 -> 4 | D40: =+D15-1 -> 4 | E40: =+E15-1 -> 5 | F40: =+F15-2 -> 4 | G40: =+G15-2 -> 3 | H40: =+H15-2 -> 2 | I40: =+I15-2 -> 4 | J40: =+J15-1 -> 6 | K40: =+K15-2 -> 3 | L40: =SUM(C40:K40) -> 35 | M40: =+M15-1 -> 6 | N40: =+N15-1 -> 4 | O40: =+O15-1 -> 6 | P40: =+P15-2 -> 5 | Q40: =+Q15-2 -> 1 | R40: =+R15-2 -> 2 | S40: =+S15-2 -> 4 | T40: =+T15-1 -> 4 | U40: =+U15-2 -> 3 | V40: =SUM(M40:U40) -> 35 | W40: =+V40+L40 -> 70 | X40: =(0.5*10)-(0.5*5) -> 2.5 | Y40: =(0.5*1)-(0.5*13) -> -6 | Z40: =(1*4)-(1*11) -> -7 | AA40: =SUM(X40:Z40) -> -10.5 | AB40: -1.5 | AC40: =SUM(AA40:AB40) -> -12
A41: =+A40+1 -> 14 | B41: =+B16 -> Mike Fitzgerald | C41: =+C16-1 -> 3 | D41: =+D16 -> 5 | E41: =+E16-1 -> 3 | F41: =+F16-1 -> 4 | G41: =+G16-1 -> 2 | H41: =+H16-1 -> 1 | I41: =+I16-1 -> 4 | J41: =+J16-1 -> 5 | K41: =+K16-1 -> 4 | L41: =SUM(C41:K41) -> 31 | M41: =+M16-1 -> 8 | N41: =+N16 -> 4 | O41: =+O16 -> 5 | P41: =+P16-1 -> 5 | Q41: =+Q16-1 -> 3 | R41: =+R16-1 -> 2 | S41: =+S16-1 -> 3 | T41: =+T16-1 -> 4 | U41: =+U16-1 -> 3 | V41: =SUM(M41:U41) -> 37 | W41: =+V41+L41 -> 68 | X41: =(0.5*2)-(0.5*12) -> -5 | Y41: =(0.5*7)-(0.5*7) -> 0 | Z41: =(1*3)-(1*12) -> -9 | AA41: =SUM(X41:Z41) -> -14 | AB41: -2.2 | AC41: =SUM(AA41:AB41) -> -16.2
A42: =+A41+1 -> 15 | B42: =+B17 -> Matt Brauer | C42: =+C17 -> 4 | D42: =+D17 -> 5 | E42: =+E17 -> 4 | F42: =+F17 -> 5 | G42: =+G17 -> 3 | H42: =+H17 -> 4 | I42: =+I17 -> 4 | ... K42: =+K17 -> 5 | L42: =SUM(C42:K42) -> 38 | M42: =+M17 -> 4 | N42: =+N17 -> 6 | O42: =+O17 -> 4 | P42: =+P17 -> 5 | Q42: =+Q17 -> 4 | R42: =+R17 -> 3 | S42: =+S17 -> 5 | T42: =+T17 -> 4 | U42: =+U17 -> 4 | V42: =SUM(M42:U42) -> 39 | W42: =+V42+L42 -> 77
A43: =+A42+1 -> 16 | B43: =+B18 -> Blake Dougan | C43: =+C18 -> 5 | D43: =+D18 -> 5 | E43: =+E18 -> 5 | F43: =+F18 -> 6 | G43: =+G18 -> 6 | H43: =+H18 -> 6 | I43: =+I18 -> 6 | ... K43: =+K18 -> 6 | L43: =SUM(C43:K43) -> 51 | M43: =+M18 -> 7 | N43: =+N18 -> 6 | O43: =+O18 -> 6 | P43: =+P18 -> 7 | Q43: =+Q18 -> 3 | R43: =+R18 -> 5 | S43: =+S18 -> 5 | T43: =+T18 -> 5 | U43: =+U18 -> 7 | V43: =SUM(M43:U43) -> 51 | W43: =+V43+L43 -> 102
A44: =+A43+1 -> 17 | B44: =+B19 -> Mike Dougan | C44: =+C19 -> 7 | D44: =+D19 -> 3 | E44: =+E19 -> 6 | F44: =+F19 -> 6 | G44: =+G19 -> 4 | H44: =+H19 -> 4 | I44: =+I19 -> 6 | ... K44: =+K19 -> 6 | L44: =SUM(C44:K44) -> 47 | M44: =+M19 -> 6 | N44: =+N19 -> 6 | O44: =+O19 -> 5 | P44: =+P19 -> 6 | Q44: =+Q19 -> 4 | R44: =+R19 -> 4 | S44: =+S19 -> 5 | T44: =+T19 -> 6 | U44: =+U19 -> 8 | V44: =SUM(M44:U44) -> 50 | W44: =+V44+L44 -> 97
A45: =+A44+1 -> 18 | B45: =+B20 -> TJ Williams | C45: =+C20 -> 4 | D45: =+D20 -> 7 | E45: =+E20 -> 6 | F45: =+F20 -> 10 | G45: =+G20 -> 4 | H45: =+H20 -> 7 | I45: =+I20 -> 5 | ... K45: =+K20 -> 6 | L45: =SUM(C45:K45) -> 53 | M45: =+M20 -> 6 | N45: =+N20 -> 5 | O45: =+O20 -> 6 | P45: =+P20 -> 6 | Q45: =+Q20 -> 3 | R45: =+R20 -> 6 | S45: =+S20 -> 5 | T45: =+T20 -> 4 | U45: =+U20 -> 5 | V45: =SUM(M45:U45) -> 46 | W45: =+V45+L45 -> 99
A46: =+A45+1 -> 19 | B46: =+B21 -> Brian McGovern | C46: =+C21-1 -> 4 | D46: =+D21 -> 5 | E46: =+E21 -> 5 | F46: =+F21-1 -> 4 | G46: =+G21-1 -> 2 | H46: =+H21-1 -> 3 | I46: =+I21-1 -> 5 | J46: =+J21-1 -> 5 | K46: =+K21-1 -> 4 | L46: =SUM(C46:K46) -> 37 | M46: =+M21-1 -> 4 | N46: =+N21 -> 4 | O46: =+O21 -> 4 | P46: =+P21-1 -> 6 | Q46: =+Q21-1 -> 3 | R46: =+R21-1 -> 4 | S46: =+S21-1 -> 4 | T46: =+T21-1 -> 4 | U46: =+U21-1 -> 4 | V46: =SUM(M46:U46) -> 37 | W46: =+V46+L46 -> 74
A47: =+A46+1 -> 20 | B47: =+B22 -> Dave Keyser | C47: =+C22-1 -> 4 | D47: =+D22-1 -> 4 | E47: =+E22-1 -> 4 | F47: =+F22-1 -> 8 | G47: =+G22-2 -> 2 | H47: =+H22-1 -> 4 | I47: =+I22-2 -> 5 | J47: =+J22-1 -> 5 | K47: =+K22-2 -> 3 | L47: =SUM(C47:K47) -> 39 | M47: =+M22-1 -> 5 | N47: =+N22-1 -> 5 | O47: =+O22-1 -> 4 | P47: =+P22-1 -> 6 | Q47: =+Q22-2 -> 2 | R47: =+R22-1 -> 3 | S47: =+S22-2 -> 5 | T47: =+T22-1 -> 6 | U47: =+U22-2 -> 3 | V47: =SUM(M47:U47) -> 39 | W47: =+V47+L47 -> 78
A48: =+A47+1 -> 21 | B48: =+B23 -> Jack Sullivan | C48: =+C23-2 -> 5 | D48: =+D23-1 -> 3 | E48: =+E23-1 -> 5 | F48: =+F23-2 -> 5 | G48: =+G23-2 -> 3 | H48: =+H23-2 -> 2 | I48: =+I23-2 -> 7 | J48: =+J23-2 -> 3 | K48: =+K23-2 -> 5 | L48: =SUM(C48:K48) -> 38 | M48: =+M23-2 -> 4 | N48: =+N23-1 -> 5 | O48: =+O23-1 -> 6 | P48: =+P23-2 -> 7 | Q48: =+Q23-2 -> 1 | R48: =+R23-2 -> 3 | S48: =+S23-2 -> 4 | T48: =+T23-1 -> 7 | U48: =+U23-2 -> 3 | V48: =SUM(M48:U48) -> 40 | W48: =+V48+L48 -> 78
A49: =+A48+1 -> 22 | B49: =+B24 -> Chris Flynn | C49: =+C24-1 -> 4 | D49: =+D24-1 -> 6 | E49: =+E24-1 -> 4 | F49: =+F24-1 -> 6 | G49: =+G24-2 -> 2 | H49: =+H24-1 -> 3 | I49: =+I24-2 -> 3 | J49: =+J24-1 -> 6 | K49: =+K24-2 -> 2 | L49: =SUM(C49:K49) -> 36 | M49: =+M24-1 -> 4 | N49: =+N24-1 -> 4 | O49: =+O24-1 -> 5 | P49: =+P24-1 -> 7 | Q49: =+Q24-2 -> 1 | R49: =+R24-1 -> 6 | S49: =+S24-2 -> 2 | T49: =+T24-1 -> 4 | U49: =+U24-2 -> 2 | V49: =SUM(M49:U49) -> 35 | W49: =+V49+L49 -> 71 | X49: =(0.5*5)-(0.5*10) -> -2.5 | Y49: =(0.5*7)-(0.5*7) -> 0 | Z49: =(1*7)-(1*8) -> -1 | AA49: =SUM(X49:Z49) -> -3.5 | AB49: -1.3 | AC49: =SUM(AA49:AB49) -> -4.8
B50: Wins | X50: =SUM(X28:X49) -> 6.5 | Y50: =SUM(Y28:Y49) -> -1.5 | Z50: =SUM(Z28:Z49) -> 11 | AA50: =SUM(AA28:AA49) -> 16 | AB50: =SUM(AB28:AB49) -> 3 | AC50: =SUM(AC28:AC49) -> 19
B51: =+B28 -> Colin Sullivan | C51: 4 | D51: 10 | E51: 0 | F51: 1 | G51: 9 | H51: 5 | I51: 2 | J51: 6 | K51: 2 | M51: 11 | N51: 6 | O51: 1 | P51: 2 | Q51: 8 | R51: 8 | S51: 2 | T51: 9 | U51: 2
B52: =+B29 -> Bernie Sullivan | C52: 14 | D52: 6 | E52: 6 | F52: 0 | G52: 9 | H52: 1 | I52: 2 | J52: 6 | K52: 0 | M52: 6 | N52: 1 | O52: 10 | P52: 2 | Q52: 8 | R52: 2 | S52: 0 | T52: 4 | U52: 4
B53: =+B30 -> Joe McCardel | C53: 8 | D53: 0 | E53: 2 | F53: 1 | G53: 0 | H53: =+H51 -> 5 | I53: 2 | J53: 1 | K53: 10 | M53: 1 | N53: 1 | O53: 0 | P53: 2 | Q53: 0 | R53: 4 | S53: 2 | T53: 4 | U53: 2
B54: =+B31 -> Dave Brauer | C54: 8 | D54: 6 | E54: 2 | F54: 1 | G54: 3 | H54: 2 | I54: 9 | J54: 1 | K54: 2 | M54: =+M52 -> 6 | N54: 6 | O54: 6 | P54: 0 | Q54: 2 | R54: 4 | S54: 11 | T54: 9 | U54: 4
B55: =+B32 -> John Sullivan | C55: 8 | D55: 10 | E55: 6 | F55: 10 | G55: 9 | H55: 0 | I55: 2 | J55: 6 | K55: 10 | M55: =+M53 -> 1 | N55: 11 | O55: 6 | P55: 2 | Q55: 2 | R55: 4 | S55: 10 | T55: 4 | U55: 4
B56: =+B33 -> Ralph | C56: 8 | D56: 4 | E56: 2 | F56: 10 | G56: 3 | H56: =+H53 -> 5 | I56: 0 | J56: 6 | K56: 2 | M56: =+M54 -> 6 | N56: 0 | O56: 1 | P56: 2 | Q56: 2 | R56: 0 | S56: 0 | T56: 4 | U56: 1
B57: =+B34 -> Leo | C57: 15 | D57: 1 | E57: 6 | F57: 5 | G57: 1 | H57: 11 | I57: 0 | J57: 1 | K57: 2 | M57: 1 | N57: 6 | O57: 1 | P57: 2 | Q57: 2 | R57: 8 | S57: =+S51 -> 2 | T57: 1 | U57: 11
B58: =+B35 -> Matt Lawrence | C58: =+C56 -> 8 | D58: 6 | E58: 6 | F58: 5 | G58: 2 | H58: 2 | I58: 9 | J58: 1 | K58: 2 | M58: =+M56 -> 6 | N58: 6 | O58: 6 | P58: 2 | Q58: 0 | R58: 8 | S58: 2 | T58: 4 | U58: 4
B59: =+B36 -> Jerry Flynn | C59: =+C58 -> 8 | D59: 4 | E59: 0 | F59: 5 | G59: 3 | H59: =+H56 -> 5 | I59: 2 | J59: 6 | K59: 0 | M59: 0 | N59: 1 | O59: 1 | P59: 2 | Q59: 2 | R59: 8 | S59: 2 | T59: 1 | U59: 4
B60: =+B37 -> Mike Flynn | C60: 4 | D60: 6 | E60: 6 | F60: 5 | G60: 3 | H60: 9 | I60: 2 | J60: 1 | K60: 2 | M60: 1 | N60: 1 | O60: 6 | P60: 2 | Q60: 8 | R60: 8 | S60: 2 | T60: 1 | U60: 4
B61: =+B38 -> Sean Flynn | C61: 0 | D61: 1 | E61: 2 | F61: 1 | G61: 3 | H61: =+H54 -> 2 | I61: 2 | J61: 6 | K61: 2 | M61: =+M58 -> 6 | N61: 6 | O61: 10 | P61: 2 | Q61: 8 | R61: 0 | S61: 2 | T61: 9 | U61: 0
B62: =+B39 -> Kevin Fitzgerald | C62: 4 | D62: 1 | E62: 11 | F62: 5 | G62: 3 | H62: =+H60 -> 9 | I62: 9 | J62: 0 | K62: 2 | M62: 1 | N62: 1 | O62: 1 | P62: 0 | Q62: 2 | R62: 0 | S62: 2 | T62: 0 | U62: 4
B63: =+B40 -> Richard McGovern | C63: 1 | D63: 14 | E63: 9 | F63: 2 | G63: 2
B64: =+B41 -> Mike Fitzgerald | C64: 1 | D64: 15 | E64: 0 | F64: 2 | G64: 2
B65: =+B42 -> Matt Brauer | C65: 1 | D65: 1 | E65: 3 | F65: 2
B66: =+B43 -> Blake Dougan
B67: =+B44 -> Mike Dougan
B68: =+B45 -> TJ Williams
B69: =+B46 -> Brian McGovern
B70: =+B47 -> Dave Keyser | C70: =+C60 -> 4 | D70: 6 | E70: 14 | F70: 0
B71: =+B48 -> Jack Sullivan
B72: =+B49 -> Chris Flynn
C73: =SUM(C51:C72) -> 96 | D73: =SUM(D51:D72) -> 91 | E73: =SUM(E51:E72) -> 75 | F73: =SUM(F51:F72) -> 55 | G73: =SUM(G51:G72) -> 52 | H73: =SUM(H51:H72) -> 56 | I73: =SUM(I51:I72) -> 41 | J73: =SUM(J51:J72) -> 41 | K73: =SUM(K51:K72) -> 36 | M73: =SUM(M51:M72) -> 46 | N73: =SUM(N51:N72) -> 46 | O73: =SUM(O51:O72) -> 49 | P73: =SUM(P51:P72) -> 20 | Q73: =SUM(Q51:Q72) -> 44 | R73: =SUM(R51:R72) -> 54 | S73: =SUM(S51:S72) -> 37 | T73: =SUM(T51:T72) -> 50 | U73: =SUM(U51:U72) -> 44
B74: Lose
B75: =+B51 -> Colin Sullivan | C75: -8 | D75: 0 | E75: -10 | F75: -7 | G75: 0 | H75: -3 | I75: -3 | J75: 0 | K75: -2 | M75: 0 | N75: -1 | O75: -6 | P75: 0 | Q75: 0 | R75: 0 | S75: -2 | T75: 0 | U75: -8
B76: =+B52 -> Bernie Sullivan | C76: -1 | D76: -2 | E76: -1 | F76: -11 | G76: 0 | H76: -10 | I76: -3 | J76: 0 | K76: -10 | M76: -1 | N76: -6 | O76: 0 | P76: 0 | Q76: 0 | R76: -9 | S76: -10 | T76: -3 | U76: -1
B77: =+B53 -> Joe McCardel | C77: -2 | D77: -11 | E77: -6 | F77: -7 | G77: -11 | H77: =+H75 -> -3 | I77: -3 | J77: -6 | K77: 0 | M77: -6 | N77: =+N76 -> -6 | O77: -11 | P77: 0 | Q77: -10 | R77: -4 | S77: -2 | T77: -3 | U77: -8
B78: =+B54 -> Dave Brauer | C78: -2 | D78: -2 | E78: -6 | F78: -7 | G78: -3 | H78: -7 | I78: 0 | J78: -6 | K78: -2 | M78: =+M76 -> -1 | N78: =+N75 -> -1 | O78: -2 | P78: -10 | Q78: -4 | R78: -4 | S78: 0 | T78: 0 | U78: -1
B79: =+B55 -> John Sullivan | C79: -2 | D79: 0 | E79: -1 | F79: 0 | G79: 0 | H79: -11 | I79: -3 | J79: 0 | K79: 0 | M79: =+M77 -> -6 | N79: 0 | O79: -2 | P79: 0 | Q79: -4 | R79: -4 | S79: -1 | T79: -3 | U79: -1
B80: =+B56 -> Ralph | C80: -2 | D80: -6 | E80: -6 | F80: 0 | G80: -3 | H80: =+H77 -> -3 | I80: -10 | J80: 0 | K80: -2 | M80: =+M76 -> -1 | N80: -11 | O80: -6 | P80: 0 | Q80: -4 | R80: -10 | S80: -10 | T80: -3 | U80: -10
B81: =+B57 -> Leo | C81: 0 | D81: -8 | E81: -1 | F81: -2 | G81: -10 | H81: 0 | I81: =+I80 -> -10 | J81: -6 | K81: -2 | M81: =+M77 -> -6 | N81: =+N75 -> -1 | O81: -6 | P81: 0 | Q81: -4 | R81: 0 | S81: -2 | T81: -8 | U81: 0
B82: =+B58 -> Matt Lawrence | C82: -4 | D82: -2 | E82: -1 | F82: -2 | G82: -9 | H82: =+H78 -> -7 | I82: 0 | J82: -6 | K82: -2 | M82: =+M76 -> -1 | N82: =+N81 -> -1 | O82: =+O79 -> -2 | P82: 0 | Q82: -10 | R82: 0 | S82: -2 | T82: -3 | U82: -1
B83: =+B59 -> Jerry Flynn | C83: -2 | D83: -6 | E83: -10 | F83: -2 | G83: -3 | H83: =+H80 -> -3 | I83: -3 | J83: 0 | K83: -10 | M83: -11 | N83: =+N76 -> -6 | O83: =+O75 -> -6 | P83: 0 | Q83: -4 | R83: 0 | S83: -2 | T83: -8 | U83: -1
B84: =+B60 -> Mike Flynn | C84: -8 | D84: -2 | E84: -1 | F84: -2 | G84: -3 | H84: -1 | I84: -3 | J84: -6 | K84: -2 | M84: =+M81 -> -6 | N84: =+N83 -> -6 | O84: =+O82 -> -2 | P84: 0 | Q84: 0 | R84: -4 | S84: -2 | T84: -8 | U84: -1
B85: =+B61 -> Sean Flynn | C85: -15 | D85: -8 | E85: -6 | F85: -7 | G85: -3 | H85: =+H78 -> -7 | I85: -3 | J85: 0 | K85: -2 | M85: =+M82 -> -1 | N85: =+N82 -> -1 | O85: 0 | P85: 0 | Q85: 0 | R85: -10 | S85: -2 | T85: 0 | U85: -11
B86: =+B62 -> Kevin Fitzgerald | C86: -8 | D86: -8 | E86: 0 | F86: -2 | G86: -3 | H86: =+H84 -> -1 | I86: 0 | J86: -11 | K86: -2 | M86: =+M84 -> -6 | N86: =+N84 -> -6 | O86: =+O81 -> -6 | P86: -10 | Q86: -4 | R86: -9 | S86: -2 | T86: -11 | U86: -1
B87: =+B63 -> Richard McGovern
B88: =+B64 -> Mike Fitzgerald
B89: =+B65 -> Matt Brauer
B90: =+B66 -> Blake Dougan
B91: =+B67 -> Mike Dougan
B92: =+B68 -> TJ Williams
B93: =+B69 -> Brian McGovern | C93: -12
B94: =+B70 -> Dave Keyser | C94: -12
B95: =+B71 -> Jack Sullivan | C95: -12
B96: =+B72 -> Chris Flynn | C96: -8
C97: =SUM(C75:C96) -> -98 | D97: =SUM(D75:D96) -> -55 | E97: =SUM(E75:E96) -> -49 | F97: =SUM(F75:F96) -> -49 | G97: =SUM(G75:G96) -> -48 | H97: =SUM(H75:H96) -> -56 | I97: =SUM(I75:I96) -> -41 | J97: =SUM(J75:J96) -> -41 | K97: =SUM(K75:K96) -> -36 | M97: =SUM(M75:M96) -> -46 | N97: =SUM(N75:N96) -> -46 | O97: =SUM(O75:O96) -> -49 | P97: =SUM(P75:P96) -> -20 | Q97: =SUM(Q75:Q96) -> -44 | R97: =SUM(R75:R96) -> -54 | S97: =SUM(S75:S96) -> -37 | T97: =SUM(T75:T96) -> -50 | U97: =SUM(U75:U96) -> -44
B98: Net | Y98: Front | Z98: Back | AA98: Total
B99: =+B75 -> Colin Sullivan | C99: =+C51+C75 -> -4 | D99: =+D51+D75 -> 10 | E99: =+E51+E75 -> -10 | F99: =+F51+F75 -> -6 | G99: =+G51+G75 -> 9 | H99: =+H51+H75 -> 2 | I99: =+I51+I75 -> -1 | J99: =+J51+J75 -> 6 | K99: =+K51+K75 -> 0 | L99: =SUM(C99:K99) -> 6 | M99: =+M51+M75 -> 11 | N99: =+N51+N75 -> 5 | O99: =+O51+O75 -> -5 | P99: =+P51+P75 -> 2 | Q99: =+Q51+Q75 -> 8 | R99: =+R51+R75 -> 8 | S99: =+S51+S75 -> 0 | T99: =+T51+T75 -> 9 | U99: =+U51+U75 -> -6 | V99: =SUM(M99:U99) -> 32 | W99: =+V99+L99 -> 38 | X99: =+W99*0.3 -> 11.4 | Y99: =3.5-1.5 -> 2 | Z99: 5 | AA99: =10-1 -> 9 | AB99: =+X99+Y99+Z99+AA99 -> 27.4
B100: =+B76 -> Bernie Sullivan | C100: =+C52+C76 -> 13 | D100: =+D52+D76 -> 4 | E100: =+E52+E76 -> 5 | F100: =+F52+F76 -> -11 | G100: =+G52+G76 -> 9 | H100: =+H52+H76 -> -9 | I100: =+I52+I76 -> -1 | J100: =+J52+J76 -> 6 | K100: =+K52+K76 -> -10 | L100: =SUM(C100:K100) -> 6 | M100: =+M52+M76 -> 5 | N100: =+N52+N76 -> -5 | O100: =+O52+O76 -> 10 | P100: =+P52+P76 -> 2 | Q100: =+Q52+Q76 -> 8 | R100: =+R52+R76 -> -7 | S100: =+S52+S76 -> -10 | T100: =+T52+T76 -> 1 | U100: =+U52+U76 -> 3 | V100: =SUM(M100:U100) -> 7 | W100: =+V100+L100 -> 13 | X100: =+W100*0.3 -> 3.9 | Y100: =3.5-1.5 -> 2 | Z100: 5 | AA100: =10-1 -> 9 | AB100: =+X100+Y100+Z100+AA100 -> 19.9
B101: =+B77 -> Joe McCardel | C101: =+C53+C77 -> 6 | D101: =+D53+D77 -> -11 | E101: =+E53+E77 -> -4 | F101: =+F53+F77 -> -6 | G101: =+G53+G77 -> -11 | H101: =+H53+H77 -> 2 | I101: =+I53+I77 -> -1 | J101: =+J53+J77 -> -5 | K101: =+K53+K77 -> 10 | L101: =SUM(C101:K101) -> -20 | M101: =+M53+M77 -> -5 | N101: =+N53+N77 -> -5 | O101: =+O53+O77 -> -11 | P101: =+P53+P77 -> 2 | Q101: =+Q53+Q77 -> -10 | R101: =+R53+R77 -> 0 | S101: =+S53+S77 -> 0 | T101: =+T53+T77 -> 1 | U101: =+U53+U77 -> -6 | V101: =SUM(M101:U101) -> -34 | W101: =+V101+L101 -> -54 | X101: =+W101*0.3 -> -16.2 | Y101: =3.5-1.5 -> 2 | Z101: 5 | AA101: =10-1 -> 9 | AB101: =+X101+Y101+Z101+AA101 -> -0.2
...

Sheet 2021 day 2
X1: Day 2 | Y1: Day 2 | Z1: 2 DAY | AA1: Day 3
B2: Name | C2: 1 | D2: 2 | E2: 3 | F2: 4 | G2: 5 | H2: 6 | I2: 7 | J2: 8 | K2: 9 | L2: Front | M2: 10 | N2: 11 | O2: 12 | P2: 13 | Q2: 14 | R2: 15 | S2: 16 | T2: 17 | U2: 18 | V2: Back | W2: Total | X2: HDCP | Y2: Net | Z2: Net | AA2: HDCP
A3: 1 | B3: Colin Sullivan | C3: 5 | D3: 4 | E3: 5 | F3: 6 | G3: 6 | H3: 4 | I3: 6 | J3: 5 | K3: 6 | L3: =SUM(C3:K3) -> 47 | M3: 5 | N3: 7 | O3: 5 | P3: 7 | Q3: 3 | R3: 4 | S3: 6 | T3: 5 | U3: 6 | V3: =SUM(M3:U3) -> 48 | W3: =+L3+V3 -> 95 | X3: 29.75 | Y3: =+W3-X3 -> 65.25 | Z3: =+Y3+'day 1'!Z3 -> 133.25 | AA3: =(W3-70)*0.875 -> 21.875
A4: =+A3+1 -> 2 | B4: Bernie Sullivan | C4: 5 | D4: 6 | E4: 5 | F4: 5 | G4: 5 | H4: 4 | I4: 6 | J4: 6 | K4: 6 | L4: =SUM(C4:K4) -> 48 | M4: 4 | N4: 6 | O4: 4 | P4: 7 | Q4: 3 | R4: 5 | S4: 4 | T4: 5 | U4: 5 | V4: =SUM(M4:U4) -> 43 | W4: =+L4+V4 -> 91 | X4: 14 | Y4: =+W4-X4 -> 77 | Z4: =+Y4+'day 1'!Z4 -> 140.25 | AA4: =(W4-70)*0.875 -> 18.375
A5: =+A4+1 -> 3 | B5: Joe McCardel | C5: 4 | D5: 6 | E5: 7 | F5: 8 | G5: 4 | H5: 4 | I5: 7 | J5: 6 | K5: 4 | L5: =SUM(C5:K5) -> 50 | M5: 5 | N5: 7 | O5: 5 | P5: 9 | Q5: 4 | R5: 4 | S5: 6 | T5: 6 | U5: 4 | V5: =SUM(M5:U5) -> 50 | W5: =+L5+V5 -> 100 | X5: 30.625 | Y5: =+W5-X5 -> 69.375 | Z5: =+Y5+'day 1'!Z5 -> 144.625 | AA5: =(W5-70)*0.875 -> 26.25
A6: =+A5+1 -> 4 | B6: Dave Brauer | C6: 4 | D6: 5 | E6: 5 | F6: 5 | G6: 4 | H6: 3 | I6: 6 | J6: 5 | K6: 5 | L6: =SUM(C6:K6) -> 42 | M6: 4 | N6: 4 | O6: 5 | P6: 7 | Q6: 3 | R6: 4 | S6: 4 | T6: 5 | U6: 6 | V6: =SUM(M6:U6) -> 42 | W6: =+L6+V6 -> 84 | X6: 15.75 | Y6: =+W6-X6 -> 68.25 | Z6: =+Y6+'day 1'!Z6 -> 136.125 | AA6: =(W6-70)*0.875 -> 12.25
A7: =+A6+1 -> 5 | B7: John Sullivan | C7: 4 | D7: 4 | E7: 6 | F7: 5 | G7: 4 | H7: 5 | I7: 5 | J7: 6 | K7: 6 | L7: =SUM(C7:K7) -> 45 | M7: 5 | N7: 5 | O7: 5 | P7: 8 | Q7: 4 | R7: 4 | S7: 4 | T7: 6 | U7: 5 | V7: =SUM(M7:U7) -> 46 | W7: =+L7+V7 -> 91 | X7: 21.875 | Y7: =+W7-X7 -> 69.125 | Z7: =+Y7+'day 1'!Z7 -> 145.75 | AA7: =(W7-70)*0.875 -> 18.375
A8: =+A7+1 -> 6 | B8: Ralph | C8: 4 | D8: 3 | E8: 6 | F8: 5 | G8: 4 | H8: 4 | I8: 6 | J8: 5 | K8: 7 | L8: =SUM(C8:K8) -> 44 | M8: 6 | N8: 6 | O8: 5 | P8: 5 | Q8: 6 | R8: 4 | S8: 5 | T8: 5 | U8: 5 | V8: =SUM(M8:U8) -> 47 | W8: =+L8+V8 -> 91 | X8: 11.375 | Y8: =+W8-X8 -> 79.625 | Z8: =+Y8+'day 1'!Z8 -> 138.125 | AA8: =(W8-70)*0.875 -> 18.375
A9: =+A8+1 -> 7 | B9: Leo | C9: 9 | D9: 6 | E9: 8 | F9: 8 | G9: 6 | H9: 9 | I9: 10 | J9: 6 | K9: 5 | L9: =SUM(C9:K9) -> 67 | M9: 6 | N9: 7 | O9: 5 | P9: 7 | Q9: 7 | R9: 8 | S9: 7 | T9: 5 | U9: 8 | V9: =SUM(M9:U9) -> 60 | W9: =+L9+V9 -> 127 | X9: 56.875 | Y9: =+W9-X9 -> 70.125 | Z9: =+Y9+'day 1'!Z9 -> 148.25 | AA9: =(W9-70)*0.875 -> 49.875
A10: =+A9+1 -> 8 | B10: Matt Lawrence | C10: 6 | D10: 6 | E10: 5 | F10: 5 | G10: 3 | H10: 4 | I10: 5 | J10: 5 | K10: 6 | L10: =SUM(C10:K10) -> 45 | M10: 4 | N10: 7 | O10: 5 | P10: 6 | Q10: 5 | R10: 4 | S10: 5 | T10: 4 | U10: 6 | V10: =SUM(M10:U10) -> 46 | W10: =+L10+V10 -> 91 | X10: 18.375 | Y10: =+W10-X10 -> 72.625 | Z10: =+Y10+'day 1'!Z10 -> 148.75 | AA10: =(W10-70)*0.875 -> 18.375
A11: =+A10+1 -> 9 | B11: Jerry Flynn | C11: 5 | D11: 4 | E11: 4 | F11: 6 | G11: 3 | H11: 3 | I11: 6 | J11: 6 | K11: 5 | L11: =SUM(C11:K11) -> 42 | M11: 6 | N11: 5 | O11: 5 | P11: 7 | Q11: 5 | R11: 3 | S11: 7 | T11: 5 | U11: 5 | V11: =SUM(M11:U11) -> 48 | W11: =+L11+V11 -> 90 | X11: 16.625 | Y11: =+W11-X11 -> 73.375 | Z11: =+Y11+'day 1'!Z11 -> 146.625 | AA11: =(W11-70)*0.875 -> 17.5
A12: =+A11+1 -> 10 | B12: Mike Flynn | C12: 4 | D12: 4 | E12: 5 | F12: 5 | G12: 4 | H12: 3 | I12: 4 | J12: 4 | K12: 4 | L12: =SUM(C12:K12) -> 37 | M12: 5 | N12: 4 | O12: 4 | P12: 6 | Q12: 2 | R12: 3 | S12: 6 | T12: 5 | U12: 4 | V12: =SUM(M12:U12) -> 39 | W12: =+L12+V12 -> 76 | X12: 7 | Y12: =+W12-X12 -> 69 | Z12: =+Y12+'day 1'!Z12 -> 133.875 | AA12: =(W12-70)*0.875 -> 5.25
A13: =+A12+1 -> 11 | B13: Sean Flynn | C13: 4 | D13: 5 | E13: 4 | F13: 5 | G13: 3 | H13: 4 | I13: 5 | J13: 5 | K13: 6 | L13: =SUM(C13:K13) -> 41 | M13: 4 | N13: 5 | O13: 6 | P13: 5 | Q13: 3 | R13: 3 | S13: 5 | T13: 5 | U13: 4 | V13: =SUM(M13:U13) -> 40 | W13: =+L13+V13 -> 81 | X13: 13.125 | Y13: =+W13-X13 -> 67.875 | Z13: =+Y13+'day 1'!Z13 -> 147.875 | AA13: =(W13-70)*0.875 -> 9.625
A14: =+A13+1 -> 12 | B14: Kevin Fitzgerald | C14: 4 | D14: 3 | E14: 5 | F14: 6 | G14: 3 | H14: 5 | I14: 5 | J14: 5 | K14: 6 | L14: =SUM(C14:K14) -> 42 | M14: 5 | N14: 7 | O14: 5 | P14: 7 | Q14: 4 | R14: 3 | S14: 6 | T14: 5 | U14: 6 | V14: =SUM(M14:U14) -> 48 | W14: =+L14+V14 -> 90 | X14: 25.375 | Y14: =+W14-X14 -> 64.625 | Z14: =+Y14+'day 1'!Z14 -> 138.25 | AA14: =(W14-70)*0.875 -> 17.5
A15: =+A14+1 -> 13 | B15: Richard McGovern | C15: 7 | D15: 6 | E15: 5 | F15: 7 | G15: 4 | H15: 4 | I15: 6 | J15: 7 | K15: 3 | L15: =SUM(C15:K15) -> 49 | M15: 6 | N15: 5 | O15: 7 | P15: 7 | Q15: 4 | R15: 4 | S15: 7 | T15: 5 | U15: 5 | V15: =SUM(M15:U15) -> 50 | W15: =+L15+V15 -> 99 | X15: 24.5 | Y15: =+W15-X15 -> 74.5 | Z15: =+Y15+'day 1'!Z15 -> 144.5 | AA15: =(W15-70)*0.875 -> 25.375
... A20: =+A19+1 -> 18 | B20: TJ Williams | C20: 5 | D20: 4 | E20: 7 | F20: 7 | G20: 5 | H20: 4 | I20: 5 | J20: 6 | K20: 5 | L20: =SUM(C20:K20) -> 48 | M20: 5 | N20: 5 | O20: 4 | P20: 7 | Q20: 5 | R20: 4 | S20: 7 | T20: 7 | U20: 7 | V20: =SUM(M20:U20) -> 51 | W20: =+L20+V20 -> 99 | X20: 25.375 | Y20: =+W20-X20 -> 73.625 | Z20: =+Y20+'day 1'!Z20 -> 172.625 | AA20: =(W20-70)*0.875 -> 25.375
A21: =+A20+1 -> 19 | B21: Brian McGovern | L21: =SUM(C21:K21) -> 0 | V21: =SUM(M21:U21) -> 0 | W21: =+L21+V21 -> 0 | X21: 15.75 | Y21: =+W21-X21 -> -15.75 | Z21: =+Y21+'day 1'!Z21 -> 57.25 | AA21: =(W21-70)*0.875 -> -61.25
A22: =+A21+1 -> 20 | B22: Dave Keyser | C22: 5 | D22: 4 | E22: 8 | F22: 7 | G22: 5 | H22: 4 | I22: 7 | J22: 6 | K22: 6 | L22: =SUM(C22:K22) -> 52 | M22: 5 | N22: 7 | O22: 7 | P22: 7 | Q22: 4 | R22: 5 | S22: 6 | T22: 7 | U22: 6 | V22: =SUM(M22:U22) -> 54 | W22: =+L22+V22 -> 106 | X22: 28 | Y22: =+W22-X22 -> 78 | Z22: =+Y22+'day 1'!Z22 -> 156 | AA22: =(W22-70)*0.875 -> 31.5
A23: =+A22+1 -> 21 | B23: Jack Sullivan | C23: 7 | D23: 6 | E23: 6 | F23: 8 | G23: 4 | H23: 4 | I23: 7 | J23: 6 | K23: 5 | L23: =SUM(C23:K23) -> 53 | M23: 4 | N23: 5 | O23: 7 | P23: 7 | Q23: 3 | R23: 3 | S23: 6 | T23: 7 | U23: 5 | V23: =SUM(M23:U23) -> 47 | W23: =+L23+V23 -> 100 | X23: 34.125 | Y23: =+W23-X23 -> 65.875 | Z23: =+Y23+'day 1'!Z23 -> 143.875 | AA23: =(W23-70)*0.875 -> 26.25
A24: =+A23+1 -> 22 | B24: Chris Flynn | C24: 5 | D24: 9 | E24: 5 | F24: 5 | G24: 5 | H24: 3 | I24: 6 | J24: 5 | K24: 4 | L24: =SUM(C24:K24) -> 47 | M24: 4 | N24: 9 | O24: 4 | P24: 6 | Q24: 5 | R24: 4 | S24: 4 | T24: 5 | U24: 4 | V24: =SUM(M24:U24) -> 45 | W24: =+L24+V24 -> 92 | X24: 21.875 | Y24: =+W24-X24 -> 70.125 | Z24: =+Y24+'day 1'!Z24 -> 141.125 | AA24: =(W24-70)*0.875 -> 19.25
B25: HDCP | C25: 11 | D25: 17 | E25: 15 | F25: 7 | G25: 3 | H25: 9 | I25: 1 | J25: 13 | K25: 5 | M25: 12 | N25: 18 | O25: 16 | P25: 8 | Q25: 4 | R25: 10 | S25: 2 | T25: 14 | U25: 6
B27: Net of HDCP
A28: 1 | B28: =+B3 -> Colin Sullivan | C28: =+C3-2 -> 3 | D28: =+D3-1 -> 3 | E28: =+E3-1 -> 4 | F28: =+F3-2 -> 4 | G28: =+G3-2 -> 4 | H28: =+H3-2 -> 2 | I28: =+I3-2 -> 4 | J28: =+J3-1 -> 4 | K28: =+K3-2 -> 4 | L28: =SUM(C28:K28) -> 32 | M28: =+M3-2 -> 3 | N28: =+N3-1 -> 6 | O28: =+O3-1 -> 4 | P28: =+P3-2 -> 5 | Q28: =+Q3-2 -> 1 | R28: =+R3-2 -> 2 | S28: =+S3-2 -> 4 | T28: =+T3-1 -> 4 | U28: =+U3-2 -> 4 | V28: =SUM(M28:U28) -> 33 | W28: =+V28+L28 -> 65 | X28: =(0.5*6)-(0.5*6) -> 0 | Y28: =(0.5*4)-(0.5*10) -> -3 | Z28: =(1*5)-(1*9) -> -4 | AA28: =SUM(X28:Z28) -> -7 | AB28: -2.6 | AC28: =SUM(AA28:AB28) -> -9.6
A29: =+A28+1 -> 2 | B29: =+B4 -> Bernie Sullivan | C29: =+C4-1 -> 4 | D29: =+D4 -> 6 | E29: =+E4-1 -> 4 | F29: =+F4-1 -> 4 | G29: =+G4-1 -> 4 | H29: =+H4-1 -> 3 | I29: =+I4-1 -> 5 | J29: =+J4-1 -> 5 | K29: =+K4-1 -> 5 | L29: =SUM(C29:K29) -> 40 | M29: =+M4-1 -> 3 | N29: =+N4 -> 6 | O29: =+O4 -> 4 | P29: =+P4-1 -> 6 | Q29: =+Q4-1 -> 2 | R29: =+R4-1 -> 4 | S29: =+S4-1 -> 3 | T29: =+T4-1 -> 4 | U29: =+U4-1 -> 4 | V29: =SUM(M29:U29) -> 36 | W29: =+V29+L29 -> 76 | X29: =(0.5*6)-(0.5*6) -> 0 | Y29: =(0.5*4)-(0.5*10) -> -3 | Z29: =(1*5)-(1*9) -> -4 | AA29: =SUM(X29:Z29) -> -7 | AB29: -4.7 | AC29: =SUM(AA29:AB29) -> -11.7
A30: =+A29+1 -> 3 | B30: =+B5 -> Joe McCardel | C30: =+C5-2 -> 2 | D30: =+D5-1 -> 5 | E30: =+E5-1 -> 6 | F30: =+F5-2 -> 6 | G30: =+G5-2 -> 2 | H30: =+H5-2 -> 2 | I30: =+I5-2 -> 5 | J30: =+J5-2 -> 4 | K30: =+K5-2 -> 2 | L30: =SUM(C30:K30) -> 34 | M30: =+M5-2 -> 3 | N30: =+N5-1 -> 6 | O30: =+O5-1 -> 4 | P30: =+P5-2 -> 7 | Q30: =+Q5-2 -> 2 | R30: =+R5-2 -> 2 | S30: =+S5-2 -> 4 | T30: =+T5-1 -> 5 | U30: =+U5-2 -> 2 | V30: =SUM(M30:U30) -> 35 | W30: =+V30+L30 -> 69 | X30: =(0.5*2)-(0.5*12) -> -5 | Y30: =(0.5*13)-(0.5*1) -> 6 | Z30: =(1*8)-(1*7) -> 1 | AA30: =SUM(X30:Z30) -> 2 | AB30: -0.3 | AC30: =SUM(AA30:AB30) -> 1.7
A31: =+A30+1 -> 4 | B31: =+B6 -> Dave Brauer | C31: =+C6-1 -> 3 | D31: =+D6 -> 5 | E31: =+E6-1 -> 4 | F31: =+F6-1 -> 4 | G31: =+G6-1 -> 3 | H31: =+H6-1 -> 2 | I31: =+I6-1 -> 5 | J31: =+J6-1 -> 4 | K31: =+K6-1 -> 4 | L31: =SUM(C31:K31) -> 34 | M31: =+M6-1 -> 3 | N31: =+N6 -> 4 | O31: =+O6-1 -> 4 | P31: =+P6-1 -> 6 | Q31: =+Q6-1 -> 2 | R31: =+R6-1 -> 3 | S31: =+S6-1 -> 3 | T31: =+T6-1 -> 4 | U31: =+U6-1 -> 5 | V31: =SUM(M31:U31) -> 34 | W31: =+V31+L31 -> 68 | X31: =(0.5*6)-(0.5*6) -> 0 | Y31: =(0.5*13)-(0.5*1) -> 6 | Z31: =(1*11)-(1*3) -> 8 | AA31: =SUM(X31:Z31) -> 14 | AB31: 4.9 | AC31: =SUM(AA31:AB31) -> 18.9
A32: =+A31+1 -> 5 | B32: =+B7 -> John Sullivan | C32: =+C7-1 -> 3 | D32: =+D7-1 -> 3 | E32: =+E7-1 -> 5 | F32: =+F7-1 -> 4 | G32: =+G7-2 -> 2 | H32: =+H7-1 -> 4 | I32: =+I7-2 -> 3 | J32: =+J7-1 -> 5 | K32: =+K7-1 -> 5 | L32: =SUM(C32:K32) -> 34 | M32: =+M7-1 -> 4 | N32: =+N7-1 -> 4 | O32: =+O7-1 -> 4 | P32: =+P7-1 -> 7 | Q32: =+Q7-2 -> 2 | R32: =+R7-1 -> 3 | S32: =+S7-2 -> 2 | T32: =+T7-1 -> 5 | U32: =+U7-1 -> 4 | V32: =SUM(M32:U32) -> 35 | W32: =+V32+L32 -> 69 | X32: =(0.5*6)-(0.5*6) -> 0 | Y32: =(0.5*12)-(0.5*3) -> 4.5 | Z32: =(1*10)-(1*5) -> 5 | AA32: =SUM(X32:Z32) -> 9.5 | AB32: 4.9 | AC32: =SUM(AA32:AB32) -> 14.4
A33: =+A32+1 -> 6 | B33: =+B8 -> Ralph | C33: =+C8-1 -> 3 | D33: =+D8 -> 3 | E33: =+E8 -> 6 | F33: =+F8-1 -> 4 | G33: =+G8-1 -> 3 | H33: =+H8-1 -> 3 | I33: =+I8-1 -> 5 | J33: =+J8 -> 5 | K33: =+K8-1 -> 6 | L33: =SUM(C33:K33) -> 38 | M33: =+M8 -> 6 | N33: =+N8 -> 6 | O33: =+O8 -> 5 | P33: =+P8-1 -> 4 | Q33: =+Q8-1 -> 5 | R33: =+R8-1 -> 3 | S33: =+S8-1 -> 4 | T33: =+T8 -> 5 | U33: =+U8-1 -> 4 | V33: =SUM(M33:U33) -> 42 | W33: =+V33+L33 -> 80 | X33: =(0.5*12)-(0.5*3) -> 4.5 | Y33: =15*0.5 -> 7.5 | Z33: 15 | AA33: =SUM(X33:Z33) -> 27 | AB33: 11.8 | AC33: =SUM(AA33:AB33) -> 38.8
A34: =+A33+1 -> 7 | B34: =+B9 -> Leo | C34: =+C9-3 -> 6 | D34: =+D9-3 -> 3 | E34: =+E9-3 -> 5 | F34: =+F9-3 -> 5 | G34: =+G9-4 -> 2 | H34: =+H9-3 -> 6 | I34: =+I9-4 -> 6 | J34: =+J9-3 -> 3 | K34: =+K9-3 -> 2 | L34: =SUM(C34:K34) -> 38 | M34: =+M9-3 -> 3 | N34: =+N9-3 -> 4 | O34: =+O9-3 -> 2 | P34: =+P9-3 -> 4 | Q34: =+Q9-3 -> 4 | R34: =+R9-3 -> 5 | S34: =+S9-4 -> 3 | T34: =+T9-3 -> 2 | U34: =+U9-3 -> 5 | V34: =SUM(M34:U34) -> 32 | W34: =+V34+L34 -> 70 | X34: =15*0.5 -> 7.5 | Y34: =(0.5*3)-(0.5*12) -> -4.5 | Z34: =(1*11)-(1*3) -> 8 | AA34: =SUM(X34:Z34) -> 11 | AB34: -0.3 | AC34: =SUM(AA34:AB34) -> 10.7
A35: =+A34+1 -> 8 | B35: =+B10 -> Matt Lawrence | C35: =+C10-1 -> 5 | D35: =+D10-1 -> 5 | E35: =+E10-1 -> 4 | F35: =+F10-1 -> 4 | G35: =+G10-1 -> 2 | H35: =+H10-1 -> 3 | I35: =+I10-1 -> 4 | J35: =+J10-1 -> 4 | K35: =+K10-1 -> 5 | L35: =SUM(C35:K35) -> 36 | M35: =+M10-1 -> 3 | N35: =+N10-1 -> 6 | O35: =+O10-1 -> 4 | P35: =+P10-1 -> 5 | Q35: =+Q10-1 -> 4 | R35: =+R10-1 -> 3 | S35: =+S10-1 -> 4 | T35: =+T10-1 -> 3 | U35: =+U10-1 -> 5 | V35: =SUM(M35:U35) -> 37 | W35: =+V35+L35 -> 73 | X35: =(0.5*13)-(0.5*2) -> 5.5 | Y35: =(0.5*10)-(0.5*4) -> 3 | Z35: =(1*13)-(1*2) -> 11 | AA35: =SUM(X35:Z35) -> 19.5 | AB35: 7.3 | AC35: =SUM(AA35:AB35) -> 26.8
A36: =+A35+1 -> 9 | B36: =+B11 -> Jerry Flynn | C36: =+C11-1 -> 4 | D36: =+D11-1 -> 3 | E36: =+E11-1 -> 3 | F36: =+F11-1 -> 5 | G36: =+G11-1 -> 2 | H36: =+H11-1 -> 2 | I36: =+I11-1 -> 5 | J36: =+J11-1 -> 5 | K36: =+K11-1 -> 4 | L36: =SUM(C36:K36) -> 33 | M36: =+M11-1 -> 5 | N36: =+N11 -> 5 | O36: =+O11-1 -> 4 | P36: =+P11-1 -> 6 | Q36: =+Q11-1 -> 4 | R36: =+R11-1 -> 2 | S36: =+S11-1 -> 6 | T36: =+T11-1 -> 4 | U36: =+U11-1 -> 4 | V36: =SUM(M36:U36) -> 40 | W36: =+V36+L36 -> 73 | X36: =(0.5*4)-(0.5*11) -> -3.5 | Y36: =(0.5*1)-(0.5*13) -> -6 | Z36: =(1*1)-(1*14) -> -13 | AA36: =SUM(X36:Z36) -> -22.5 | AB36: -11.1 | AC36: =SUM(AA36:AB36) -> -33.6
A37: =+A36+1 -> 10 | B37: =+B12 -> Mike Flynn | C37: =+C12 -> 4 | D37: =+D12 -> 4 | E37: =+E12 -> 5 | F37: =+F12-1 -> 4 | G37: =+G12-1 -> 3 | H37: =+H12 -> 3 | I37: =+I12-1 -> 3 | J37: =+J12 -> 4 | K37: =+K12-1 -> 3 | L37: =SUM(C37:K37) -> 33 | M37: =+M12 -> 5 | N37: =+N12 -> 4 | O37: =+O12 -> 4 | P37: =+P12 -> 6 | Q37: =+Q12-1 -> 1 | R37: =+R12 -> 3 | S37: =+S12-1 -> 5 | T37: =+T12 -> 5 | U37: =+U12-1 -> 3 | V37: =SUM(M37:U37) -> 36 | W37: =+V37+L37 -> 69 | X37: =(0.5*11)-(0.5*4) -> 3.5 | Y37: =(0.5*6)-(0.5*9) -> -1.5 | Z37: =(1*9)-(1*6) -> 3 | AA37: =SUM(X37:Z37) -> 5 | AB37: -1.9 | AC37: =SUM(AA37:AB37) -> 3.1
A38: =+A37+1 -> 11 | B38: =+B13 -> Sean Flynn | C38: =+C13-1 -> 3 | D38: =+D13 -> 5 | E38: =+E13 -> 4 | F38: =+F13-1 -> 4 | G38: =+G13-1 -> 2 | H38: =+H13-1 -> 3 | I38: =+I13-1 -> 4 | J38: =+J13-1 -> 4 | K38: =+K13-1 -> 5 | L38: =SUM(C38:K38) -> 34 | M38: =+M13-1 -> 3 | N38: =+N13 -> 5 | O38: =+O13 -> 6 | P38: =+P13-1 -> 4 | Q38: =+Q13-1 -> 2 | R38: =+R13-1 -> 2 | S38: =+S13-1 -> 4 | T38: =+T13 -> 5 | U38: =+U13-1 -> 3 | V38: =SUM(M38:U38) -> 34 | W38: =+V38+L38 -> 68 | X38: -7.5 | Y38: -7.5 | Z38: -15 | AA38: =SUM(X38:Z38) -> -30 | AB38: -12 | AC38: =SUM(AA38:AB38) -> -42
A39: =+A38+1 -> 12 | B39: =+B14 -> Kevin Fitzgerald | C39: =+C14-1 -> 3 | D39: =+D14-1 -> 2 | E39: =+E14-1 -> 4 | F39: =+F14-2 -> 4 | G39: =+G14-2 -> 1 | H39: =+H14-1 -> 4 | I39: =+I14-2 -> 3 | J39: =+J14-1 -> 4 | K39: =+K14-2 -> 4 | L39: =SUM(C39:K39) -> 29 | M39: =+M14-1 -> 4 | N39: =+N14-1 -> 6 | O39: =+O14-1 -> 4 | P39: =+P14-1 -> 6 | Q39: =+Q14-2 -> 2 | R39: =+R14-1 -> 2 | S39: =+S14-2 -> 4 | T39: =+T14-1 -> 4 | U39: =+U14-2 -> 4 | V39: =SUM(M39:U39) -> 36 | W39: =+V39+L39 -> 65 | X39: =14*0.5-0.5 -> 6.5 | Y39: =(0.5*10)-(0.5*4) -> 3 | Z39: =(1*14)-(1*1) -> 13 | AA39: =SUM(X39:Z39) -> 22.5 | AB39: 12 | AC39: =SUM(AA39:AB39) -> 34.5
A40: =+A39+1 -> 13 | B40: =+B15 -> Richard McGovern | C40: =+C15-1 -> 6 | D40: =+D15-1 -> 5 | E40: =+E15-1 -> 4 | F40: =+F15-2 -> 5 | G40: =+G15-2 -> 2 | H40: =+H15-1 -> 3 | I40: =+I15-2 -> 4 | J40: =+J15-1 -> 6 | K40: =+K15-2 -> 1 | L40: =SUM(C40:K40) -> 36 | M40: =+M15-1 -> 5 | N40: =+N15-1 -> 4 | O40: =+O15-1 -> 6 | P40: =+P15-1 -> 6 | Q40: =+Q15-2 -> 2 | R40: =+R15-1 -> 3 | S40: =+S15-2 -> 5 | T40: =+T15-1 -> 4 | U40: =+U15-2 -> 3 | V40: =SUM(M40:U40) -> 38 | W40: =+V40+L40 -> 74 | X40: =(0.5*10)-(0.5*5) -> 2.5 | Y40: =(0.5*1)-(0.5*13) -> -6 | Z40: =(1*4)-(1*11) -> -7 | AA40: =SUM(X40:Z40) -> -10.5 | AB40: -1.5 | AC40: =SUM(AA40:AB40) -> -12
A41: =+A40+1 -> 14 | B41: =+B16 -> Mike Fitzgerald | C41: =+C16-1 -> 4 | D41: =+D16 -> 4 | E41: =+E16 -> 6 | F41: =+F16-1 -> 5 | G41: =+G16-1 -> 3 | H41: =+H16-1 -> 3 | I41: =+I16-1 -> 3 | J41: =+J16 -> 5 | K41: =+K16-1 -> 3 | L41: =SUM(C41:K41) -> 36 | M41: =+M16 -> 4 | N41: =+N16 -> 6 | O41: =+O16 -> 5 | P41: =+P16-1 -> 3 | Q41: =+Q16-1 -> 2 | R41: =+R16-1 -> 3 | S41: =+S16-1 -> 3 | T41: =+T16 -> 3 | U41: =+U16-1 -> 4 | V41: =SUM(M41:U41) -> 33 | W41: =+V41+L41 -> 69 | X41: =(0.5*2)-(0.5*12) -> -5 | Y41: =(0.5*7)-(0.5*7) -> 0 | Z41: =(1*3)-(1*12) -> -9 | AA41: =SUM(X41:Z41) -> -14 | AB41: -2.2 | AC41: =SUM(AA41:AB41) -> -16.2
A42: =+A41+1 -> 15 | B42: =+B17 -> Matt Brauer | C42: =+C17 -> 4 | D42: =+D17 -> 5 | E42: =+E17 -> 7 | F42: =+F17-1 -> 5 | G42: =+G17-1 -> 3 | H42: =+H17 -> 3 | I42: =+I17 -> 5 | J42: =+J17 -> 5 | K42: =+K17-1 -> 2 | L42: =SUM(C42:K42) -> 39 | M42: =+M17 -> 5 | N42: =+N17 -> 5 | O42: =+O17 -> 5 | P42: =+P17 -> 6 | Q42: =+Q17-1 -> 2 | R42: =+R17 -> 3 | S42: =+S17-1 -> 3 | T42: =+T17 -> 4 | U42: =+U17-1 -> 3 | V42: =SUM(M42:U42) -> 36 | W42: =+V42+L42 -> 75 | Z42: =(1*3)-(1*12) -> -9 | AA42: =SUM(X42:Z42) -> -9 | AB42: -2.2 | AC42: =SUM(AA42:AB42) -> -11.2
A43: =+A42+1 -> 16 | B43: =+B18 -> Blake Dougan | C43: =+C18-1 -> 6 | D43: =+D18-1 -> 6 | E43: =+E18-1 -> 3 | F43: =+F18-2 -> 7 | G43: =+G18-2 -> 3 | H43: =+H18-2 -> 3 | I43: =+I18-2 -> 2 | J43: =+J18-1 -> 4 | K43: =+K18-2 -> 2 | L43: =SUM(C43:K43) -> 36 | M43: =+M18-1 -> 5 | N43: =+N18-1 -> 5 | O43: =+O18-1 -> 6 | P43: =+P18-2 -> 6 | Q43: =+Q18-2 -> 1 | R43: =+R18-2 -> 1 | S43: =+S18-2 -> 6 | T43: =+T18-1 -> 5 | U43: =+U18-2 -> 3 | V43: =SUM(M43:U43) -> 38 | W43: =+V43+L43 -> 74 | Z43: =(1*3)-(1*12) -> -9 | AA43: =SUM(X43:Z43) -> -9 | AB43: -2.2 | AC43: =SUM(AA43:AB43) -> -11.2
A44: =+A43+1 -> 17 | B44: =+B19 -> Mike Dougan | C44: =+C19-1 -> 5 | D44: =+D19-1 -> 4 | E44: =+E19-1 -> 5 | F44: =+F19-1 -> 6 | G44: =+G19-2 -> 1 | H44: =+H19-1 -> 3 | I44: =+I19-2 -> 3 | J44: =+J19-1 -> 5 | K44: =+K19-2 -> 3 | L44: =SUM(C44:K44) -> 35 | M44: =+M19-1 -> 5 | N44: =+N19-1 -> 5 | O44: =+O19-1 -> 5 | P44: =+P19-1 -> 6 | Q44: =+Q19-2 -> 1 | R44: =+R19-1 -> 4 | S44: =+S19-2 -> 3 | T44: =+T19-1 -> 4 | U44: =+U19-2 -> 5 | V44: =SUM(M44:U44) -> 38 | W44: =+V44+L44 -> 73 | Z44: =(1*3)-(1*12) -> -9 | AA44: =SUM(X44:Z44) -> -9 | AB44: -2.2 | AC44: =SUM(AA44:AB44) -> -11.2
A45: =+A44+1 -> 18 | B45: =+B20 -> TJ Williams | C45: =+C20-1 -> 4 | D45: =+D20-1 -> 3 | E45: =+E20-1 -> 6 | F45: =+F20-2 -> 5 | G45: =+G20-2 -> 3 | H45: =+H20-1 -> 3 | I45: =+I20-2 -> 3 | J45: =+J20-1 -> 5 | K45: =+K20-2 -> 3 | L45: =SUM(C45:K45) -> 35 | M45: =+M20-1 -> 4 | N45: =+N20-1 -> 4 | O45: =+O20-1 -> 3 | P45: =+P20-1 -> 6 | Q45: =+Q20-2 -> 3 | R45: =+R20-1 -> 3 | S45: =+S20-2 -> 5 | T45: =+T20-1 -> 6 | U45: =+U20-2 -> 5 | V45: =SUM(M45:U45) -> 39 | W45: =+V45+L45 -> 74 | Z45: =(1*3)-(1*12) -> -9 | AA45: =SUM(X45:Z45) -> -9 | AB45: -2.2 | AC45: =SUM(AA45:AB45) -> -11.2
A46: =+A45+1 -> 19 | B46: =+B21 -> Brian McGovern | C46: =+C21-1 -> -1 | D46: =+D21 -> 0 | E46: =+E21 -> 0 | F46: =+F21-1 -> -1 | G46: =+G21-1 -> -1 | H46: =+H21-1 -> -1 | I46: =+I21-1 -> -1 | J46: =+J21-1 -> -1 | K46: =+K21-1 -> -1 | L46: =SUM(C46:K46) -> -7 | M46: =+M21-1 -> -1 | N46: =+N21 -> 0 | O46: =+O21 -> 0 | P46: =+P21-1 -> -1 | Q46: =+Q21-1 -> -1 | R46: =+R21-1 -> -1 | S46: =+S21-1 -> -1 | T46: =+T21-1 -> -1 | U46: =+U21-1 -> -1 | V46: =SUM(M46:U46) -> -7 | W46: =+V46+L46 -> -14 | Z46: =(1*3)-(1*12) -> -9 | AA46: =SUM(X46:Z46) -> -9 | AB46: -2.2 | AC46: =SUM(AA46:AB46) -> -11.2
A47: =+A46+1 -> 20 | B47: =+B22 -> Dave Keyser | C47: =+C22-1 -> 4 | D47: =+D22-1 -> 3 | E47: =+E22-1 -> 7 | F47: =+F22-2 -> 5 | G47: =+G22-2 -> 3 | H47: =+H22-2 -> 2 | I47: =+I22-2 -> 5 | J47: =+J22-1 -> 5 | K47: =+K22-2 -> 4 | L47: =SUM(C47:K47) -> 38 | M47: =+M22-1 -> 4 | N47: =+N22-1 -> 6 | O47: =+O22-1 -> 6 | P47: =+P22-2 -> 5 | Q47: =+Q22-2 -> 2 | R47: =+R22-2 -> 3 | S47: =+S22-2 -> 4 | T47: =+T22-1 -> 6 | U47: =+U22-2 -> 4 | V47: =SUM(M47:U47) -> 40 | W47: =+V47+L47 -> 78 | Z47: =(1*3)-(1*12) -> -9 | AA47: =SUM(X47:Z47) -> -9 | AB47: -2.2 | AC47: =SUM(AA47:AB47) -> -11.2
A48: =+A47+1 -> 21 | B48: =+B23 -> Jack Sullivan | C48: =+C23-2 -> 5 | D48: =+D23-1 -> 5 | E48: =+E23-2 -> 4 | F48: =+F23-2 -> 6 | G48: =+G23-2 -> 2 | H48: =+H23-2 -> 2 | I48: =+I23-2 -> 5 | J48: =+J23-2 -> 4 | K48: =+K23-2 -> 3 | L48: =SUM(C48:K48) -> 36 | M48: =+M23-2 -> 2 | N48: =+N23-1 -> 4 | O48: =+O23-2 -> 5 | P48: =+P23-2 -> 5 | Q48: =+Q23-2 -> 1 | R48: =+R23-2 -> 1 | S48: =+S23-2 -> 4 | T48: =+T23-2 -> 5 | U48: =+U23-2 -> 3 | V48: =SUM(M48:U48) -> 30 | W48: =+V48+L48 -> 66 | Z48: =(1*3)-(1*12) -> -9 | AA48: =SUM(X48:Z48) -> -9 | AB48: -2.2 | AC48: =SUM(AA48:AB48) -> -11.2
A49: =+A48+1 -> 22 | B49: =+B24 -> Chris Flynn | C49: =+C24-1 -> 4 | D49: =+D24-1 -> 8 | E49: =+E24-1 -> 4 | F49: =+F24-1 -> 4 | G49: =+G24-2 -> 3 | H49: =+H24-1 -> 2 | I49: =+I24-2 -> 4 | J49: =+J24-1 -> 4 | K49: =+K24-1 -> 3 | L49: =SUM(C49:K49) -> 36 | M49: =+M24-1 -> 3 | N49: =+N24-1 -> 8 | O49: =+O24-1 -> 3 | P49: =+P24-1 -> 5 | Q49: =+Q24-2 -> 3 | R49: =+R24-1 -> 3 | S49: =+S24-2 -> 2 | T49: =+T24-1 -> 4 | U49: =+U24-1 -> 3 | V49: =SUM(M49:U49) -> 34 | W49: =+V49+L49 -> 70 | X49: =(0.5*5)-(0.5*10) -> -2.5 | Y49: =(0.5*7)-(0.5*7) -> 0 | Z49: =(1*3)-(1*12) -> -9 | AA49: =SUM(X49:Z49) -> -11.5 | AB49: -2.2 | AC49: =SUM(AA49:AB49) -> -13.7
B50: Wins | X50: =SUM(X28:X49) -> 6.5 | Y50: =SUM(Y28:Y49) -> -1.5 | Z50: =SUM(Z28:Z49) -> -60 | AA50: =SUM(AA28:AA49) -> -55 | AB50: =SUM(AB28:AB49) -> -13.3 | AC50: =SUM(AC28:AC49) -> -68.3
B51: =+B28 -> Colin Sullivan | C51: 4 | D51: 10 | E51: 0 | F51: 1 | G51: 9 | H51: 5 | I51: 2 | J51: 6 | K51: 2 | M51: 11 | N51: 6 | O51: 1 | P51: 2 | Q51: 8 | R51: 8 | S51: 2 | T51: 9 | U51: 2
B52: =+B29 -> Bernie Sullivan | C52: 14 | D52: 6 | E52: 6 | F52: 0 | G52: 9 | H52: 1 | I52: 2 | J52: 6 | K52: 0 | M52: 6 | N52: 1 | O52: 10 | P52: 2 | Q52: 8 | R52: 2 | S52: 0 | T52: 4 | U52: 4
B53: =+B30 -> Joe McCardel | C53: 8 | D53: 0 | E53: 2 | F53: 1 | G53: 0 | H53: =+H51 -> 5 | I53: 2 | J53: 1 | K53: 10 | M53: 1 | N53: 1 | O53: 0 | P53: 2 | Q53: 0 | R53: 4 | S53: 2 | T53: 4 | U53: 2
B54: =+B31 -> Dave Brauer | C54: 8 | D54: 6 | E54: 2 | F54: 1 | G54: 3 | H54: 2 | I54: 9 | J54: 1 | K54: 2 | M54: =+M52 -> 6 | N54: 6 | O54: 6 | P54: 0 | Q54: 2 | R54: 4 | S54: 11 | T54: 9 | U54: 4
B55: =+B32 -> John Sullivan | C55: 8 | D55: 10 | E55: 6 | F55: 10 | G55: 9 | H55: 0 | I55: 2 | J55: 6 | K55: 10 | M55: =+M53 -> 1 | N55: 11 | O55: 6 | P55: 2 | Q55: 2 | R55: 4 | S55: 10 | T55: 4 | U55: 4
B56: =+B33 -> Ralph | C56: 8 | D56: 4 | E56: 2 | F56: 10 | G56: 3 | H56: =+H53 -> 5 | I56: 0 | J56: 6 | K56: 2 | M56: =+M54 -> 6 | N56: 0 | O56: 1 | P56: 2 | Q56: 2 | R56: 0 | S56: 0 | T56: 4 | U56: 1
B57: =+B34 -> Leo | C57: 15 | D57: 1 | E57: 6 | F57: 5 | G57: 1 | H57: 11 | I57: 0 | J57: 1 | K57: 2 | M57: 1 | N57: 6 | O57: 1 | P57: 2 | Q57: 2 | R57: 8 | S57: =+S51 -> 2 | T57: 1 | U57: 11
B58: =+B35 -> Matt Lawrence | C58: =+C56 -> 8 | D58: 6 | E58: 6 | F58: 5 | G58: 2 | H58: 2 | I58: 9 | J58: 1 | K58: 2 | M58: =+M56 -> 6 | N58: 6 | O58: 6 | P58: 2 | Q58: 0 | R58: 8 | S58: 2 | T58: 4 | U58: 4
B59: =+B36 -> Jerry Flynn | C59: =+C58 -> 8 | D59: 4 | E59: 0 | F59: 5 | G59: 3 | H59: =+H56 -> 5 | I59: 2 | J59: 6 | K59: 0 | M59: 0 | N59: 1 | O59: 1 | P59: 2 | Q59: 2 | R59: 8 | S59: 2 | T59: 1 | U59: 4
B60: =+B37 -> Mike Flynn | C60: 4 | D60: 6 | E60: 6 | F60: 5 | G60: 3 | H60: 9 | I60: 2 | J60: 1 | K60: 2 | M60: 1 | N60: 1 | O60: 6 | P60: 2 | Q60: 8 | R60: 8 | S60: 2 | T60: 1 | U60: 4
B61: =+B38 -> Sean Flynn | C61: 0 | D61: 1 | E61: 2 | F61: 1 | G61: 3 | H61: =+H54 -> 2 | I61: 2 | J61: 6 | K61: 2 | M61: =+M58 -> 6 | N61: 6 | O61: 10 | P61: 2 | Q61: 8 | R61: 0 | S61: 2 | T61: 9 | U61: 0
B62: =+B39 -> Kevin Fitzgerald | C62: 4 | D62: 1 | E62: 11 | F62: 5 | G62: 3 | H62: =+H60 -> 9 | I62: 9 | J62: 0 | K62: 2 | M62: 1 | N62: 1 | O62: 1 | P62: 0 | Q62: 2 | R62: 0 | S62: 2 | T62: 0 | U62: 4
B63: =+B40 -> Richard McGovern | C63: 1 | D63: 14 | E63: 9 | F63: 2 | G63: 2
B64: =+B41 -> Mike Fitzgerald | C64: 1 | D64: 15 | E64: 0 | F64: 2 | G64: 2
B65: =+B42 -> Matt Brauer | C65: 1 | D65: 1 | E65: 3 | F65: 2
B66: =+B43 -> Blake Dougan
B67: =+B44 -> Mike Dougan
B68: =+B45 -> TJ Williams
B69: =+B46 -> Brian McGovern
B70: =+B47 -> Dave Keyser | C70: =+C60 -> 4 | D70: 6 | E70: 14 | F70: 0
B71: =+B48 -> Jack Sullivan
B72: =+B49 -> Chris Flynn
C73: =SUM(C51:C72) -> 96 | D73: =SUM(D51:D72) -> 91 | E73: =SUM(E51:E72) -> 75 | F73: =SUM(F51:F72) -> 55 | G73: =SUM(G51:G72) -> 52 | H73: =SUM(H51:H72) -> 56 | I73: =SUM(I51:I72) -> 41 | J73: =SUM(J51:J72) -> 41 | K73: =SUM(K51:K72) -> 36 | M73: =SUM(M51:M72) -> 46 | N73: =SUM(N51:N72) -> 46 | O73: =SUM(O51:O72) -> 49 | P73: =SUM(P51:P72) -> 20 | Q73: =SUM(Q51:Q72) -> 44 | R73: =SUM(R51:R72) -> 54 | S73: =SUM(S51:S72) -> 37 | T73: =SUM(T51:T72) -> 50 | U73: =SUM(U51:U72) -> 44
B74: Lose
B75: =+B51 -> Colin Sullivan | C75: -8 | D75: 0 | E75: -10 | F75: -7 | G75: 0 | H75: -3 | I75: -3 | J75: 0 | K75: -2 | M75: 0 | N75: -1 | O75: -6 | P75: 0 | Q75: 0 | R75: 0 | S75: -2 | T75: 0 | U75: -8
B76: =+B52 -> Bernie Sullivan | C76: -1 | D76: -2 | E76: -1 | F76: -11 | G76: 0 | H76: -10 | I76: -3 | J76: 0 | K76: -10 | M76: -1 | N76: -6 | O76: 0 | P76: 0 | Q76: 0 | R76: -9 | S76: -10 | T76: -3 | U76: -1
B77: =+B53 -> Joe McCardel | C77: -2 | D77: -11 | E77: -6 | F77: -7 | G77: -11 | H77: =+H75 -> -3 | I77: -3 | J77: -6 | K77: 0 | M77: -6 | N77: =+N76 -> -6 | O77: -11 | P77: 0 | Q77: -10 | R77: -4 | S77: -2 | T77: -3 | U77: -8
B78: =+B54 -> Dave Brauer | C78: -2 | D78: -2 | E78: -6 | F78: -7 | G78: -3 | H78: -7 | I78: 0 | J78: -6 | K78: -2 | M78: =+M76 -> -1 | N78: =+N75 -> -1 | O78: -2 | P78: -10 | Q78: -4 | R78: -4 | S78: 0 | T78: 0 | U78: -1
B79: =+B55 -> John Sullivan | C79: -2 | D79: 0 | E79: -1 | F79: 0 | G79: 0 | H79: -11 | I79: -3 | J79: 0 | K79: 0 | M79: =+M77 -> -6 | N79: 0 | O79: -2 | P79: 0 | Q79: -4 | R79: -4 | S79: -1 | T79: -3 | U79: -1
B80: =+B56 -> Ralph | C80: -2 | D80: -6 | E80: -6 | F80: 0 | G80: -3 | H80: =+H77 -> -3 | I80: -10 | J80: 0 | K80: -2 | M80: =+M76 -> -1 | N80: -11 | O80: -6 | P80: 0 | Q80: -4 | R80: -10 | S80: -10 | T80: -3 | U80: -10
B81: =+B57 -> Leo | C81: 0 | D81: -8 | E81: -1 | F81: -2 | G81: -10 | H81: 0 | I81: =+I80 -> -10 | J81: -6 | K81: -2 | M81: =+M77 -> -6 | N81: =+N75 -> -1 | O81: -6 | P81: 0 | Q81: -4 | R81: 0 | S81: -2 | T81: -8 | U81: 0
B82: =+B58 -> Matt Lawrence | C82: -4 | D82: -2 | E82: -1 | F82: -2 | G82: -9 | H82: =+H78 -> -7 | I82: 0 | J82: -6 | K82: -2 | M82: =+M76 -> -1 | N82: =+N81 -> -1 | O82: =+O79 -> -2 | P82: 0 | Q82: -10 | R82: 0 | S82: -2 | T82: -3 | U82: -1
B83: =+B59 -> Jerry Flynn | C83: -2 | D83: -6 | E83: -10 | F83: -2 | G83: -3 | H83: =+H80 -> -3 | I83: -3 | J83: 0 | K83: -10 | M83: -11 | N83: =+N76 -> -6 | O83: =+O75 -> -6 | P83: 0 | Q83: -4 | R83: 0 | S83: -2 | T83: -8 | U83: -1
B84: =+B60 -> Mike Flynn | C84: -8 | D84: -2 | E84: -1 | F84: -2 | G84: -3 | H84: -1 | I84: -3 | J84: -6 | K84: -2 | M84: =+M81 -> -6 | N84: =+N83 -> -6 | O84: =+O82 -> -2 | P84: 0 | Q84: 0 | R84: -4 | S84: -2 | T84: -8 | U84: -1
B85: =+B61 -> Sean Flynn | C85: -15 | D85: -8 | E85: -6 | F85: -7 | G85: -3 | H85: =+H78 -> -7 | I85: -3 | J85: 0 | K85: -2 | M85: =+M82 -> -1 | N85: =+N82 -> -1 | O85: 0 | P85: 0 | Q85: 0 | R85: -10 | S85: -2 | T85: 0 | U85: -11
B86: =+B62 -> Kevin Fitzgerald | C86: -8 | D86: -8 | E86: 0 | F86: -2 | G86: -3 | H86: =+H84 -> -1 | I86: 0 | J86: -11 | K86: -2 | M86: =+M84 -> -6 | N86: =+N84 -> -6 | O86: =+O81 -> -6 | P86: -10 | Q86: -4 | R86: -9 | S86: -2 | T86: -11 | U86: -1
B87: =+B63 -> Richard McGovern
B88: =+B64 -> Mike Fitzgerald
B89: =+B65 -> Matt Brauer
B90: =+B66 -> Blake Dougan
B91: =+B67 -> Mike Dougan
B92: =+B68 -> TJ Williams
B93: =+B69 -> Brian McGovern | C93: -12
B94: =+B70 -> Dave Keyser | C94: -12
B95: =+B71 -> Jack Sullivan | C95: -12
B96: =+B72 -> Chris Flynn | C96: -8
C97: =SUM(C75:C96) -> -98 | D97: =SUM(D75:D96) -> -55 | E97: =SUM(E75:E96) -> -49 | F97: =SUM(F75:F96) -> -49 | G97: =SUM(G75:G96) -> -48 | H97: =SUM(H75:H96) -> -56 | I97: =SUM(I75:I96) -> -41 | J97: =SUM(J75:J96) -> -41 | K97: =SUM(K75:K96) -> -36 | M97: =SUM(M75:M96) -> -46 | N97: =SUM(N75:N96) -> -46 | O97: =SUM(O75:O96) -> -49 | P97: =SUM(P75:P96) -> -20 | Q97: =SUM(Q75:Q96) -> -44 | R97: =SUM(R75:R96) -> -54 | S97: =SUM(S75:S96) -> -37 | T97: =SUM(T75:T96) -> -50 | U97: =SUM(U75:U96) -> -44
B98: Net | Y98: Front | Z98: Back | AA98: Total
B99: =+B75 -> Colin Sullivan | C99: =+C51+C75 -> -4 | D99: =+D51+D75 -> 10 | E99: =+E51+E75 -> -10 | F99: =+F51+F75 -> -6 | G99: =+G51+G75 -> 9 | H99: =+H51+H75 -> 2 | I99: =+I51+I75 -> -1 | J99: =+J51+J75 -> 6 | K99: =+K51+K75 -> 0 | L99: =SUM(C99:K99) -> 6 | M99: =+M51+M75 -> 11 | N99: =+N51+N75 -> 5 | O99: =+O51+O75 -> -5 | P99: =+P51+P75 -> 2 | Q99: =+Q51+Q75 -> 8 | R99: =+R51+R75 -> 8 | S99: =+S51+S75 -> 0 | T99: =+T51+T75 -> 9 | U99: =+U51+U75 -> -6 | V99: =SUM(M99:U99) -> 32 | W99: =+V99+L99 -> 38 | X99: =+W99*0.3 -> 11.4 | Y99: =3.5-1.5 -> 2 | Z99: 5 | AA99: =10-1 -> 9 | AB99: =+X99+Y99+Z99+AA99 -> 27.4
B100: =+B76 -> Bernie Sullivan | C100: =+C52+C76 -> 13 | D100: =+D52+D76 -> 4 | E100: =+E52+E76 -> 5 | F100: =+F52+F76 -> -11 | G100: =+G52+G76 -> 9 | H100: =+H52+H76 -> -9 | I100: =+I52+I76 -> -1 | J100: =+J52+J76 -> 6 | K100: =+K52+K76 -> -10 | L100: =SUM(C100:K100) -> 6 | M100: =+M52+M76 -> 5 | N100: =+N52+N76 -> -5 | O100: =+O52+O76 -> 10 | P100: =+P52+P76 -> 2 | Q100: =+Q52+Q76 -> 8 | R100: =+R52+R76 -> -7 | S100: =+S52+S76 -> -10 | T100: =+T52+T76 -> 1 | U100: =+U52+U76 -> 3 | V100: =SUM(M100:U100) -> 7 | W100: =+V100+L100 -> 13 | X100: =+W100*0.3 -> 3.9 | Y100: =3.5-1.5 -> 2 | Z100: 5 | AA100: =10-1 -> 9 | AB100: =+X100+Y100+Z100+AA100 -> 19.9
B101: =+B77 -> Joe McCardel | C101: =+C53+C77 -> 6 | D101: =+D53+D77 -> -11 | E101: =+E53+E77 -> -4 | F101: =+F53+F77 -> -6 | G101: =+G53+G77 -> -11 | H101: =+H53+H77 -> 2 | I101: =+I53+I77 -> -1 | J101: =+J53+J77 -> -5 | K101: =+K53+K77 -> 10 | L101: =SUM(C101:K101) -> -20 | M101: =+M53+M77 -> -5 | N101: =+N53+N77 -> -5 | O101: =+O53+O77 -> -11 | P101: =+P53+P77 -> 2 | Q101: =+Q53+Q77 -> -10 | R101: =+R53+R77 -> 0 | S101: =+S53+S77 -> 0 | T101: =+T53+T77 -> 1 | U101: =+U53+U77 -> -6 | V101: =SUM(M101:U101) -> -34 | W101: =+V101+L101 -> -54 | X101: =+W101*0.3 -> -16.2 | Y101: =3.5-1.5 -> 2 | Z101: 5 | AA101: =10-1 -> 9 | AB101: =+X101+Y101+Z101+AA101 -> -0.2
B102: =+B78 -> Dave Brauer | C102: =+C54+C78 -> 6 | D102: =+D54+D78 -> 4 | E102: =+E54+E78 -> -4 | F102: =+F54+F78 -> -6 | G102: =+G54+G78 -> 0 | H102: =+H54+H78 -> -5 | I102: =+I54+I78 -> 9 | J102: =+J54+J78 -> -5 | K102: =+K54+K78 -> 0 | L102: =SUM(C102:K102) -> -1 | M102: =+M54+M78 -> 5 | N102: =+N54+N78 -> 5 | O102: =+O54+O78 -> 4 | P102: =+P54+P78 -> -10 | Q102: =+Q54+Q78 -> -2 | R102: =+R54+R78 -> 0 | S102: =+S54+S78 -> 11 | T102: =+T54+T78 -> 9 | U102: =+U54+U78 -> 3 | V102: =SUM(M102:U102) -> 25 | W102: =+V102+L102 -> 24 | X102: =+W102*0.3 -> 7.2 | Y102: =3.5-1.5 -> 2 | Z102: 5 | AA102: =10-1 -> 9 | AB102: =+X102+Y102+Z102+AA102 -> 23.2
B103: =+B79 -> John Sullivan | C103: =+C55+C79 -> 6 | D103: =+D55+D79 -> 10 | E103: =+E55+E79 -> 5 | F103: =+F55+F79 -> 10 | G103: =+G55+G79 -> 9 | H103: =+H55+H79 -> -11 | I103: =+I55+I79 -> -1 | J103: =+J55+J79 -> 6 | K103: =+K55+K79 -> 10 | L103: =SUM(C103:K103) -> 44 | M103: =+M55+M79 -> -5 | N103: =+N55+N79 -> 11 | O103: =+O55+O79 -> 4 | P103: =+P55+P79 -> 2 | Q103: =+Q55+Q79 -> -2 | R103: =+R55+R79 -> 0 | S103: =+S55+S79 -> 9 | T103: =+T55+T79 -> 1 | U103: =+U55+U79 -> 3 | V103: =SUM(M103:U103) -> 23 | W103: =+V103+L103 -> 67 | X103: =+W103*0.3 -> 20.1 | Y103: =3.5-1.5 -> 2 | Z103: 5 | AA103: =10-1 -> 9 | AB103: =+X103+Y103+Z103+AA103 -> 36.1
B104: =+B80 -> Ralph | C104: =+C56+C80 -> 6 | D104: =+D56+D80 -> -2 | E104: =+E56+E80 -> -4 | F104: =+F56+F80 -> 10 | G104: =+G56+G80 -> 0 | H104: =+H56+H80 -> 2 | I104: =+I56+I80 -> -10 | J104: =+J56+J80 -> 6 | K104: =+K56+K80 -> 0 | L104: =SUM(C104:K104) -> 8 | M104: =+M56+M80 -> 5 | N104: =+N56+N80 -> -11 | O104: =+O56+O80 -> -5 | P104: =+P56+P80 -> 2 | Q104: =+Q56+Q80 -> -2 | R104: =+R56+R80 -> -10 | S104: =+S56+S80 -> -10 | T104: =+T56+T80 -> 1 | U104: =+U56+U80 -> -9 | V104: =SUM(M104:U104) -> -39 | W104: =+V104+L104 -> -31 | X104: =+W104*0.3 -> -9.3 | Y104: =3.5-1.5 -> 2 | Z104: 5 | AA104: =10-1 -> 9 | AB104: =+X104+Y104+Z104+AA104 -> 6.7
B105: =+B81 -> Leo | C105: =+C57+C81 -> 15 | D105: =+D57+D81 -> -7 | E105: =+E57+E81 -> 5 | F105: =+F57+F81 -> 3 | G105: =+G57+G81 -> -9 | H105: =+H57+H81 -> 11 | I105: =+I57+I81 -> -10 | J105: =+J57+J81 -> -5 | K105: =+K57+K81 -> 0 | L105: =SUM(C105:K105) -> 3 | M105: =+M57+M81 -> -5 | N105: =+N57+N81 -> 5 | O105: =+O57+O81 -> -5 | P105: =+P57+P81 -> 2 | Q105: =+Q57+Q81 -> -2 | R105: =+R57+R81 -> 8 | S105: =+S57+S81 -> 0 | T105: =+T57+T81 -> -7 | U105: =+U57+U81 -> 11 | V105: =SUM(M105:U105) -> 7 | W105: =+V105+L105 -> 10 | X105: =+W105*0.3 -> 3 | Y105: =3.5-1.5 -> 2 | Z105: 5 | AA105: =10-1 -> 9 | AB105: =+X105+Y105+Z105+AA105 -> 19
...

Sheet 2021 day 3
X1: Day 3 | Y1: Day 2 | Z1: 3 DAY | AA1: 2022
B2: Name | C2: 1 | D2: 2 | E2: 3 | F2: 4 | G2: 5 | H2: 6 | I2: 7 | J2: 8 | K2: 9 | L2: Front | M2: 10 | N2: 11 | O2: 12 | P2: 13 | Q2: 14 | R2: 15 | S2: 16 | T2: 17 | U2: 18 | V2: Back | W2: Total | X2: HDCP | Y2: Net | Z2: Net | AA2: HDCP
A3: 1 | B3: Colin Sullivan | C3: 5 | D3: 4 | E3: 5 | F3: 6 | G3: 4 | H3: 4 | I3: 7 | J3: 5 | K3: 5 | L3: =SUM(C3:K3) -> 45 | M3: 6 | N3: 6 | O3: 7 | P3: 5 | Q3: 3 | R3: 4 | S3: 6 | T3: 5 | U3: 4 | V3: =SUM(M3:U3) -> 46 | W3: =+L3+V3 -> 91 | X3: 21.875 | Y3: =+W3-X3 -> 69.125 | Z3: =+Y3+'2021 day 2'!Z3 -> 202.375 | AA3: =(W3-70)*0.875 -> 18.375
A4: =+A3+1 -> 2 | B4: Bernie Sullivan | C4: 4 | D4: 4 | E4: 6 | F4: 7 | G4: 3 | H4: 4 | I4: 5 | J4: 5 | K4: 5 | L4: =SUM(C4:K4) -> 43 | M4: 4 | N4: 5 | O4: 6 | P4: 7 | Q4: 3 | R4: 4 | S4: 6 | T4: 5 | U4: 5 | V4: =SUM(M4:U4) -> 45 | W4: =+L4+V4 -> 88 | X4: 18.375 | Y4: =+W4-X4 -> 69.625 | Z4: =+Y4+'2021 day 2'!Z4 -> 209.875 | AA4: =(W4-70)*0.875 -> 15.75
A5: =+A4+1 -> 3 | B5: Joe McCardel | C5: 4 | D5: 7 | E5: 6 | F5: 6 | G5: 9 | H5: 4 | I5: 7 | J5: 5 | K5: 4 | L5: =SUM(C5:K5) -> 52 | M5: 5 | N5: 7 | O5: 7 | P5: 5 | Q5: 2 | R5: 3 | S5: 8 | T5: 7 | U5: 5 | V5: =SUM(M5:U5) -> 49 | W5: =+L5+V5 -> 101 | X5: 26.25 | Y5: =+W5-X5 -> 74.75 | Z5: =+Y5+'2021 day 2'!Z5 -> 219.375 | AA5: =(W5-70)*0.875 -> 27.125
A6: =+A5+1 -> 4 | B6: Dave Brauer | C6: 5 | D6: 5 | E6: 6 | F6: 7 | G6: 3 | H6: 4 | I6: 5 | J6: 7 | K6: 7 | L6: =SUM(C6:K6) -> 49 | M6: 5 | N6: 5 | O6: 5 | P6: 7 | Q6: 4 | R6: 4 | S6: 6 | T6: 6 | U6: 6 | V6: =SUM(M6:U6) -> 48 | W6: =+L6+V6 -> 97 | X6: 12.25 | Y6: =+W6-X6 -> 84.75 | Z6: =+Y6+'2021 day 2'!Z6 -> 220.875 | AA6: =(W6-70)*0.875 -> 23.625
A7: =+A6+1 -> 5 | B7: John Sullivan | C7: 5 | D7: 5 | E7: 5 | F7: 6 | G7: 4 | H7: 5 | I7: 6 | J7: 6 | K7: 4 | L7: =SUM(C7:K7) -> 46 | M7: 5 | N7: 4 | O7: 6 | P7: 4 | Q7: 4 | R7: 6 | S7: 4 | T7: 5 | U7: 4 | V7: =SUM(M7:U7) -> 42 | W7: =+L7+V7 -> 88 | X7: 18.375 | Y7: =+W7-X7 -> 69.625 | Z7: =+Y7+'2021 day 2'!Z7 -> 215.375 | AA7: =(W7-70)*0.875 -> 15.75
A8: =+A7+1 -> 6 | B8: Ralph | C8: 6 | D8: 5 | E8: 5 | F8: 6 | G8: 4 | H8: 6 | I8: 4 | J8: 6 | K8: 4 | L8: =SUM(C8:K8) -> 46 | M8: 6 | N8: 5 | O8: 6 | P8: 6 | Q8: 5 | R8: 3 | S8: 5 | T8: 5 | U8: 6 | V8: =SUM(M8:U8) -> 47 | W8: =+L8+V8 -> 93 | X8: 18.375 | Y8: =+W8-X8 -> 74.625 | Z8: =+Y8+'2021 day 2'!Z8 -> 212.75 | AA8: =(W8-70)*0.875 -> 20.125
A9: =+A8+1 -> 7 | B9: Leo | C9: 6 | D9: 7 | E9: 5 | F9: 10 | G9: 5 | H9: 6 | I9: 6 | J9: 7 | K9: 4 | L9: =SUM(C9:K9) -> 56 | M9: 6 | N9: 9 | O9: 6 | P9: 10 | Q9: 3 | R9: 4 | S9: 7 | T9: 7 | U9: 6 | V9: =SUM(M9:U9) -> 58 | W9: =+L9+V9 -> 114 | X9: 49.875 | Y9: =+W9-X9 -> 64.125 | Z9: =+Y9+'2021 day 2'!Z9 -> 212.375 | AA9: =(W9-70)*0.875 -> 38.5
A10: =+A9+1 -> 8 | B10: Matt Lawrence | L10: =SUM(C10:K10) -> 0 | V10: =SUM(M10:U10) -> 0 | W10: =+L10+V10 -> 0 | X10: 18.375 | Y10: =+W10-X10 -> -18.375 | Z10: =+Y10+'2021 day 2'!Z10 -> 130.375 | AA10: =(W10-70)*0.875 -> -61.25
A11: =+A10+1 -> 9 | B11: Jerry Flynn | L11: =SUM(C11:K11) -> 0 | V11: =SUM(M11:U11) -> 0 | W11: =+L11+V11 -> 0 | X11: 17.5 | Y11: =+W11-X11 -> -17.5 | Z11: =+Y11+'2021 day 2'!Z11 -> 129.125 | AA11: =(W11-70)*0.875 -> -61.25
A12: =+A11+1 -> 10 | B12: Mike Flynn | C12: 5 | D12: 4 | E12: 5 | F12: 6 | G12: 3 | H12: 4 | I12: 6 | J12: 5 | K12: 5 | L12: =SUM(C12:K12) -> 43 | M12: 5 | N12: 4 | O12: 5 | P12: 7 | Q12: 4 | R12: 4 | S12: 6 | T12: 5 | U12: 6 | V12: =SUM(M12:U12) -> 46 | W12: =+L12+V12 -> 89 | X12: 5.25 | Y12: =+W12-X12 -> 83.75 | Z12: =+Y12+'2021 day 2'!Z12 -> 217.625 | AA12: =(W12-70)*0.875 -> 16.625
A13: =+A12+1 -> 11 | B13: Sean Flynn | L13: =SUM(C13:K13) -> 0 | V13: =SUM(M13:U13) -> 0 | W13: =+L13+V13 -> 0 | X13: 9.625 | Y13: =+W13-X13 -> -9.625 | Z13: =+Y13+'2021 day 2'!Z13 -> 138.25 | AA13: =(W13-70)*0.875 -> -61.25
A14: =+A13+1 -> 12 | B14: Kevin Fitzgerald | C14: 6 | D14: 5 | E14: 6 | F14: 6 | G14: 4 | H14: 5 | I14: 6 | J14: 4 | K14: 5 | L14: =SUM(C14:K14) -> 47 | M14: 5 | N14: 4 | O14: 5 | P14: 8 | Q14: 4 | R14: 9 | S14: 5 | T14: 6 | U14: 7 | V14: =SUM(M14:U14) -> 53 | W14: =+L14+V14 -> 100 | X14: 17.5 | Y14: =+W14-X14 -> 82.5 | Z14: =+Y14+'2021 day 2'!Z14 -> 220.75 | AA14: =(W14-70)*0.875 -> 26.25
A15: =+A14+1 -> 13 | B15: Richard McGovern | C15: 5 | D15: 5 | E15: 5 | F15: 7 | G15: 4 | H15: 3 | I15: 6 | J15: 6 | K15: 6 | L15: =SUM(C15:K15) -> 47 | M15: 4 | N15: 7 | O15: 6 | P15: 11 | Q15: 4 | R15: 3 | S15: 6 | T15: 5 | U15: 6 | V15: =SUM(M15:U15) -> 52 | W15: =+L15+V15 -> 99 | X15: 25.375 | Y15: =+W15-X15 -> 73.625 | Z15: =+Y15+'2021 day 2'!Z15 -> 218.125 | AA15: =(W15-70)*0.875 -> 25.375
A16: =+A15+1 -> 14 | B16: Mike Fitzgerald | C16: 4 | D16: 5 | E16: 4 | F16: 8 | G16: 5 | H16: 3 | I16: 5 | J16: 4 | K16: 4 | L16: =SUM(C16:K16) -> 42 | M16: 4 | N16: 4 | O16: 5 | P16: 5 | Q16: 3 | R16: 4 | S16: 5 | T16: 6 | U16: 4 | V16: =SUM(M16:U16) -> 40 | W16: =+L16+V16 -> 82 | X16: 8.75 | Y16: =+W16-X16 -> 73.25 | Z16: =+Y16+'2021 day 2'!Z16 -> 210.875 | AA16: =(W16-70)*0.875 -> 10.5
A17: =+A16+1 -> 15 | B17: Matt Brauer | L17: =SUM(C17:K17) -> 0 | V17: =SUM(M17:U17) -> 0 | W17: =+L17+V17 -> 0 | X17: 9.625 | Y17: =+W17-X17 -> -9.625 | Z17: =+Y17+'2021 day 2'!Z17 -> 142.25 | AA17: =(W17-70)*0.875 -> -61.25
A18: =+A17+1 -> 16 | B18: Blake Dougan | L18: =SUM(C18:K18) -> 0 | V18: =SUM(M18:U18) -> 0 | W18: =+L18+V18 -> 0 | X18: 28 | Y18: =+W18-X18 -> -28 | Z18: =+Y18+'2021 day 2'!Z18 -> 148 | AA18: =(W18-70)*0.875 -> -61.25
A19: =+A18+1 -> 17 | B19: Mike Dougan | L19: =SUM(C19:K19) -> 0 | V19: =SUM(M19:U19) -> 0 | W19: =+L19+V19 -> 0 | X19: 23.625 | Y19: =+W19-X19 -> -23.625 | Z19: =+Y19+'2021 day 2'!Z19 -> 146.75 | AA19: =(W19-70)*0.875 -> -61.25
A20: =+A19+1 -> 18 | B20: TJ Williams | L20: =SUM(C20:K20) -> 0 | V20: =SUM(M20:U20) -> 0 | W20: =+L20+V20 -> 0 | X20: 25.375 | Y20: =+W20-X20 -> -25.375 | Z20: =+Y20+'2021 day 2'!Z20 -> 147.25 | AA20: =(W20-70)*0.875 -> -61.25
A21: =+A20+1 -> 19 | B21: Brian McGovern | L21: =SUM(C21:K21) -> 0 | V21: =SUM(M21:U21) -> 0 | W21: =+L21+V21 -> 0 | X21: -61.25 | Y21: =+W21-X21 -> 61.25 | Z21: =+Y21+'2021 day 2'!Z21 -> 118.5 | AA21: =(W21-70)*0.875 -> -61.25
A22: =+A21+1 -> 20 | B22: Dave Keyser | L22: =SUM(C22:K22) -> 0 | V22: =SUM(M22:U22) -> 0 | W22: =+L22+V22 -> 0 | X22: 31.5 | Y22: =+W22-X22 -> -31.5 | Z22: =+Y22+'2021 day 2'!Z22 -> 124.5 | AA22: =(W22-70)*0.875 -> -61.25
A23: =+A22+1 -> 21 | B23: Jack Sullivan | C23: 4 | D23: 5 | E23: 5 | F23: 7 | G23: 3 | H23: 4 | I23: 7 | J23: 6 | K23: 5 | L23: =SUM(C23:K23) -> 46 | M23: 6 | N23: 4 | O23: 7 | P23: 7 | Q23: 4 | R23: 3 | S23: 6 | T23: 7 | U23: 5 | V23: =SUM(M23:U23) -> 49 | W23: =+L23+V23 -> 95 | X23: 26.25 | Y23: =+W23-X23 -> 68.75 | Z23: =+Y23+'2021 day 2'!Z23 -> 212.625 | AA23: =(W23-70)*0.875 -> 21.875
A24: =+A23+1 -> 22 | B24: Chris Flynn | C24: 5 | D24: 4 | E24: 5 | F24: 7 | G24: 4 | H24: 4 | I24: 7 | J24: 5 | K24: 5 | L24: =SUM(C24:K24) -> 46 | M24: 4 | N24: 5 | O24: 5 | P24: 6 | Q24: 4 | R24: 4 | S24: 6 | T24: 5 | U24: 5 | V24: =SUM(M24:U24) -> 44 | W24: =+L24+V24 -> 90 | X24: 19.25 | Y24: =+W24-X24 -> 70.75 | Z24: =+Y24+'2021 day 2'!Z24 -> 211.875 | AA24: =(W24-70)*0.875 -> 17.5
B25: HDCP | C25: 11 | D25: 17 | E25: 15 | F25: 7 | G25: 3 | H25: 9 | I25: 1 | J25: 13 | K25: 5 | M25: 12 | N25: 18 | O25: 16 | P25: 8 | Q25: 4 | R25: 10 | S25: 2 | T25: 14 | U25: 6
B27: Net of HDCP
A28: 1 | B28: =+B3 -> Colin Sullivan | C28: =+C3-2 -> 3 | D28: =+D3-1 -> 3 | E28: =+E3-1 -> 4 | F28: =+F3-2 -> 4 | G28: =+G3-2 -> 2 | H28: =+H3-2 -> 2 | I28: =+I3-2 -> 5 | J28: =+J3-1 -> 4 | K28: =+K3-2 -> 3 | L28: =SUM(C28:K28) -> 30 | M28: =+M3-2 -> 4 | N28: =+N3-1 -> 5 | O28: =+O3-1 -> 6 | P28: =+P3-2 -> 3 | Q28: =+Q3-2 -> 1 | R28: =+R3-2 -> 2 | S28: =+S3-2 -> 4 | T28: =+T3-1 -> 4 | U28: =+U3-2 -> 2 | V28: =SUM(M28:U28) -> 31 | W28: =+V28+L28 -> 61 | X28: =(0.5*6)-(0.5*6) -> 0 | Y28: =(0.5*4)-(0.5*10) -> -3 | Z28: =(1*5)-(1*9) -> -4 | AA28: =SUM(X28:Z28) -> -7 | AB28: -2.6 | AC28: =SUM(AA28:AB28) -> -9.6
A29: =+A28+1 -> 2 | B29: =+B4 -> Bernie Sullivan | C29: =+C4-1 -> 3 | D29: =+D4 -> 4 | E29: =+E4-1 -> 5 | F29: =+F4-1 -> 6 | G29: =+G4-1 -> 2 | H29: =+H4-1 -> 3 | I29: =+I4-1 -> 4 | J29: =+J4-1 -> 4 | K29: =+K4-1 -> 4 | L29: =SUM(C29:K29) -> 35 | M29: =+M4-1 -> 3 | N29: =+N4 -> 5 | O29: =+O4 -> 6 | P29: =+P4-1 -> 6 | Q29: =+Q4-1 -> 2 | R29: =+R4-1 -> 3 | S29: =+S4-1 -> 5 | T29: =+T4-1 -> 4 | U29: =+U4-1 -> 4 | V29: =SUM(M29:U29) -> 38 | W29: =+V29+L29 -> 73 | X29: =(0.5*6)-(0.5*6) -> 0 | Y29: =(0.5*4)-(0.5*10) -> -3 | Z29: =(1*5)-(1*9) -> -4 | AA29: =SUM(X29:Z29) -> -7 | AB29: -4.7 | AC29: =SUM(AA29:AB29) -> -11.7
A30: =+A29+1 -> 3 | B30: =+B5 -> Joe McCardel | C30: =+C5-2 -> 2 | D30: =+D5-1 -> 6 | E30: =+E5-1 -> 5 | F30: =+F5-2 -> 4 | G30: =+G5-2 -> 7 | H30: =+H5-2 -> 2 | I30: =+I5-2 -> 5 | J30: =+J5-2 -> 3 | K30: =+K5-2 -> 2 | L30: =SUM(C30:K30) -> 36 | M30: =+M5-2 -> 3 | N30: =+N5-1 -> 6 | O30: =+O5-1 -> 6 | P30: =+P5-2 -> 3 | Q30: =+Q5-2 -> 0 | R30: =+R5-2 -> 1 | S30: =+S5-2 -> 6 | T30: =+T5-1 -> 6 | U30: =+U5-2 -> 3 | V30: =SUM(M30:U30) -> 34 | W30: =+V30+L30 -> 70 | X30: =(0.5*2)-(0.5*12) -> -5 | Y30: =(0.5*13)-(0.5*1) -> 6 | Z30: =(1*8)-(1*7) -> 1 | AA30: =SUM(X30:Z30) -> 2 | AB30: -0.3 | AC30: =SUM(AA30:AB30) -> 1.7
A31: =+A30+1 -> 4 | B31: =+B6 -> Dave Brauer | C31: =+C6-1 -> 4 | D31: =+D6 -> 5 | E31: =+E6-1 -> 5 | F31: =+F6-1 -> 6 | G31: =+G6-1 -> 2 | H31: =+H6-1 -> 3 | I31: =+I6-1 -> 4 | J31: =+J6-1 -> 6 | K31: =+K6-1 -> 6 | L31: =SUM(C31:K31) -> 41 | M31: =+M6-1 -> 4 | N31: =+N6 -> 5 | O31: =+O6-1 -> 4 | P31: =+P6-1 -> 6 | Q31: =+Q6-1 -> 3 | R31: =+R6-1 -> 3 | S31: =+S6-1 -> 5 | T31: =+T6-1 -> 5 | U31: =+U6-1 -> 5 | V31: =SUM(M31:U31) -> 40 | W31: =+V31+L31 -> 81 | X31: =(0.5*6)-(0.5*6) -> 0 | Y31: =(0.5*13)-(0.5*1) -> 6 | Z31: =(1*11)-(1*3) -> 8 | AA31: =SUM(X31:Z31) -> 14 | AB31: 4.9 | AC31: =SUM(AA31:AB31) -> 18.9
A32: =+A31+1 -> 5 | B32: =+B7 -> John Sullivan | C32: =+C7-1 -> 4 | D32: =+D7-1 -> 4 | E32: =+E7-1 -> 4 | F32: =+F7-1 -> 5 | G32: =+G7-2 -> 2 | H32: =+H7-1 -> 4 | I32: =+I7-2 -> 4 | J32: =+J7-1 -> 5 | K32: =+K7-1 -> 3 | L32: =SUM(C32:K32) -> 35 | M32: =+M7-1 -> 4 | N32: =+N7-1 -> 3 | O32: =+O7-1 -> 5 | P32: =+P7-1 -> 3 | Q32: =+Q7-2 -> 2 | R32: =+R7-1 -> 5 | S32: =+S7-2 -> 2 | T32: =+T7-1 -> 4 | U32: =+U7-1 -> 3 | V32: =SUM(M32:U32) -> 31 | W32: =+V32+L32 -> 66 | X32: =(0.5*6)-(0.5*6) -> 0 | Y32: =(0.5*12)-(0.5*3) -> 4.5 | Z32: =(1*10)-(1*5) -> 5 | AA32: =SUM(X32:Z32) -> 9.5 | AB32: 4.9 | AC32: =SUM(AA32:AB32) -> 14.4
A33: =+A32+1 -> 6 | B33: =+B8 -> Ralph | C33: =+C8-1 -> 5 | D33: =+D8 -> 5 | E33: =+E8 -> 5 | F33: =+F8-1 -> 5 | G33: =+G8-1 -> 3 | H33: =+H8-1 -> 5 | I33: =+I8-1 -> 3 | J33: =+J8 -> 6 | K33: =+K8-1 -> 3 | L33: =SUM(C33:K33) -> 40 | M33: =+M8 -> 6 | N33: =+N8 -> 5 | O33: =+O8 -> 6 | P33: =+P8-1 -> 5 | Q33: =+Q8-1 -> 4 | R33: =+R8-1 -> 2 | S33: =+S8-1 -> 4 | T33: =+T8 -> 5 | U33: =+U8-1 -> 5 | V33: =SUM(M33:U33) -> 42 | W33: =+V33+L33 -> 82 | X33: =(0.5*12)-(0.5*3) -> 4.5 | Y33: =15*0.5 -> 7.5 | Z33: 15 | AA33: =SUM(X33:Z33) -> 27 | AB33: 11.8 | AC33: =SUM(AA33:AB33) -> 38.8
A34: =+A33+1 -> 7 | B34: =+B9 -> Leo | C34: =+C9-3 -> 3 | D34: =+D9-3 -> 4 | E34: =+E9-3 -> 2 | F34: =+F9-3 -> 7 | G34: =+G9-4 -> 1 | H34: =+H9-3 -> 3 | I34: =+I9-4 -> 2 | J34: =+J9-3 -> 4 | K34: =+K9-3 -> 1 | L34: =SUM(C34:K34) -> 27 | M34: =+M9-3 -> 3 | N34: =+N9-3 -> 6 | O34: =+O9-3 -> 3 | P34: =+P9-3 -> 7 | Q34: =+Q9-3 -> 0 | R34: =+R9-3 -> 1 | S34: =+S9-4 -> 3 | T34: =+T9-3 -> 4 | U34: =+U9-3 -> 3 | V34: =SUM(M34:U34) -> 30 | W34: =+V34+L34 -> 57 | X34: =15*0.5 -> 7.5 | Y34: =(0.5*3)-(0.5*12) -> -4.5 | Z34: =(1*11)-(1*3) -> 8 | AA34: =SUM(X34:Z34) -> 11 | AB34: -0.3 | AC34: =SUM(AA34:AB34) -> 10.7
A35: =+A34+1 -> 8 | B35: =+B10 -> Matt Lawrence | C35: =+C10-1 -> -1 | D35: =+D10-1 -> -1 | E35: =+E10-1 -> -1 | F35: =+F10-1 -> -1 | G35: =+G10-1 -> -1 | H35: =+H10-1 -> -1 | I35: =+I10-1 -> -1 | J35: =+J10-1 -> -1 | K35: =+K10-1 -> -1 | L35: =SUM(C35:K35) -> -9 | M35: =+M10-1 -> -1 | N35: =+N10-1 -> -1 | O35: =+O10-1 -> -1 | P35: =+P10-1 -> -1 | Q35: =+Q10-1 -> -1 | R35: =+R10-1 -> -1 | S35: =+S10-1 -> -1 | T35: =+T10-1 -> -1 | U35: =+U10-1 -> -1 | V35: =SUM(M35:U35) -> -9 | W35: =+V35+L35 -> -18 | X35: =(0.5*13)-(0.5*2) -> 5.5 | Y35: =(0.5*10)-(0.5*4) -> 3 | Z35: =(1*13)-(1*2) -> 11 | AA35: =SUM(X35:Z35) -> 19.5 | AB35: 7.3 | AC35: =SUM(AA35:AB35) -> 26.8
A36: =+A35+1 -> 9 | B36: =+B11 -> Jerry Flynn | C36: =+C11-1 -> -1 | D36: =+D11-1 -> -1 | E36: =+E11-1 -> -1 | F36: =+F11-1 -> -1 | G36: =+G11-1 -> -1 | H36: =+H11-1 -> -1 | I36: =+I11-1 -> -1 | J36: =+J11-1 -> -1 | K36: =+K11-1 -> -1 | L36: =SUM(C36:K36) -> -9 | M36: =+M11-1 -> -1 | N36: =+N11 -> 0 | O36: =+O11-1 -> -1 | P36: =+P11-1 -> -1 | Q36: =+Q11-1 -> -1 | R36: =+R11-1 -> -1 | S36: =+S11-1 -> -1 | T36: =+T11-1 -> -1 | U36: =+U11-1 -> -1 | V36: =SUM(M36:U36) -> -8 | W36: =+V36+L36 -> -17 | X36: =(0.5*4)-(0.5*11) -> -3.5 | Y36: =(0.5*1)-(0.5*13) -> -6 | Z36: =(1*1)-(1*14) -> -13 | AA36: =SUM(X36:Z36) -> -22.5 | AB36: -11.1 | AC36: =SUM(AA36:AB36) -> -33.6
A37: =+A36+1 -> 10 | B37: =+B12 -> Mike Flynn | C37: =+C12 -> 5 | D37: =+D12 -> 4 | E37: =+E12 -> 5 | F37: =+F12-1 -> 5 | G37: =+G12-1 -> 2 | H37: =+H12 -> 4 | I37: =+I12-1 -> 5 | J37: =+J12 -> 5 | K37: =+K12-1 -> 4 | L37: =SUM(C37:K37) -> 39 | M37: =+M12 -> 5 | N37: =+N12 -> 4 | O37: =+O12 -> 5 | P37: =+P12 -> 7 | Q37: =+Q12-1 -> 3 | R37: =+R12 -> 4 | S37: =+S12-1 -> 5 | T37: =+T12 -> 5 | U37: =+U12-1 -> 5 | V37: =SUM(M37:U37) -> 43 | W37: =+V37+L37 -> 82 | X37: =(0.5*11)-(0.5*4) -> 3.5 | Y37: =(0.5*6)-(0.5*9) -> -1.5 | Z37: =(1*9)-(1*6) -> 3 | AA37: =SUM(X37:Z37) -> 5 | AB37: -1.9 | AC37: =SUM(AA37:AB37) -> 3.1
A38: =+A37+1 -> 11 | B38: =+B13 -> Sean Flynn | C38: =+C13-1 -> -1 | D38: =+D13 -> 0 | E38: =+E13 -> 0 | F38: =+F13-1 -> -1 | G38: =+G13-1 -> -1 | H38: =+H13-1 -> -1 | I38: =+I13-1 -> -1 | J38: =+J13-1 -> -1 | K38: =+K13-1 -> -1 | L38: =SUM(C38:K38) -> -7 | M38: =+M13-1 -> -1 | N38: =+N13 -> 0 | O38: =+O13 -> 0 | P38: =+P13-1 -> -1 | Q38: =+Q13-1 -> -1 | R38: =+R13-1 -> -1 | S38: =+S13-1 -> -1 | T38: =+T13 -> 0 | U38: =+U13-1 -> -1 | V38: =SUM(M38:U38) -> -6 | W38: =+V38+L38 -> -13 | X38: -7.5 | Y38: -7.5 | Z38: -15 | AA38: =SUM(X38:Z38) -> -30 | AB38: -12 | AC38: =SUM(AA38:AB38) -> -42
A39: =+A38+1 -> 12 | B39: =+B14 -> Kevin Fitzgerald | C39: =+C14-1 -> 5 | D39: =+D14-1 -> 4 | E39: =+E14-1 -> 5 | F39: =+F14-2 -> 4 | G39: =+G14-2 -> 2 | H39: =+H14-1 -> 4 | I39: =+I14-2 -> 4 | J39: =+J14-1 -> 3 | K39: =+K14-2 -> 3 | L39: =SUM(C39:K39) -> 34 | M39: =+M14-1 -> 4 | N39: =+N14-1 -> 3 | O39: =+O14-1 -> 4 | P39: =+P14-1 -> 7 | Q39: =+Q14-2 -> 2 | R39: =+R14-1 -> 8 | S39: =+S14-2 -> 3 | T39: =+T14-1 -> 5 | U39: =+U14-2 -> 5 | V39: =SUM(M39:U39) -> 41 | W39: =+V39+L39 -> 75 | X39: =14*0.5-0.5 -> 6.5 | Y39: =(0.5*10)-(0.5*4) -> 3 | Z39: =(1*14)-(1*1) -> 13 | AA39: =SUM(X39:Z39) -> 22.5 | AB39: 12 | AC39: =SUM(AA39:AB39) -> 34.5
A40: =+A39+1 -> 13 | B40: =+B15 -> Richard McGovern | C40: =+C15-1 -> 4 | D40: =+D15-1 -> 4 | E40: =+E15-1 -> 4 | F40: =+F15-2 -> 5 | G40: =+G15-2 -> 2 | H40: =+H15-1 -> 2 | I40: =+I15-2 -> 4 | J40: =+J15-1 -> 5 | K40: =+K15-2 -> 4 | L40: =SUM(C40:K40) -> 34 | M40: =+M15-1 -> 3 | N40: =+N15-1 -> 6 | O40: =+O15-1 -> 5 | P40: =+P15-1 -> 10 | Q40: =+Q15-2 -> 2 | R40: =+R15-1 -> 2 | S40: =+S15-2 -> 4 | T40: =+T15-1 -> 4 | U40: =+U15-2 -> 4 | V40: =SUM(M40:U40) -> 40 | W40: =+V40+L40 -> 74 | X40: =(0.5*10)-(0.5*5) -> 2.5 | Y40: =(0.5*1)-(0.5*13) -> -6 | Z40: =(1*4)-(1*11) -> -7 | AA40: =SUM(X40:Z40) -> -10.5 | AB40: -1.5 | AC40: =SUM(AA40:AB40) -> -12
A41: =+A40+1 -> 14 | B41: =+B16 -> Mike Fitzgerald | C41: =+C16-1 -> 3 | D41: =+D16 -> 5 | E41: =+E16 -> 4 | F41: =+F16-1 -> 7 | G41: =+G16-1 -> 4 | H41: =+H16-1 -> 2 | I41: =+I16-1 -> 4 | J41: =+J16 -> 4 | K41: =+K16-1 -> 3 | L41: =SUM(C41:K41) -> 36 | M41: =+M16 -> 4 | N41: =+N16 -> 4 | O41: =+O16 -> 5 | P41: =+P16-1 -> 4 | Q41: =+Q16-1 -> 2 | R41: =+R16-1 -> 3 | S41: =+S16-1 -> 4 | T41: =+T16 -> 6 | U41: =+U16-1 -> 3 | V41: =SUM(M41:U41) -> 35 | W41: =+V41+L41 -> 71 | X41: =(0.5*2)-(0.5*12) -> -5 | Y41: =(0.5*7)-(0.5*7) -> 0 | Z41: =(1*3)-(1*12) -> -9 | AA41: =SUM(X41:Z41) -> -14 | AB41: -2.2 | AC41: =SUM(AA41:AB41) -> -16.2
A42: =+A41+1 -> 15 | B42: =+B17 -> Matt Brauer | C42: =+C17 -> 0 | D42: =+D17 -> 0 | E42: =+E17 -> 0 | F42: =+F17-1 -> -1 | G42: =+G17-1 -> -1 | H42: =+H17 -> 0 | I42: =+I17 -> 0 | J42: =+J17 -> 0 | K42: =+K17-1 -> -1 | L42: =SUM(C42:K42) -> -3 | M42: =+M17 -> 0 | N42: =+N17 -> 0 | O42: =+O17 -> 0 | P42: =+P17 -> 0 | Q42: =+Q17-1 -> -1 | R42: =+R17 -> 0 | S42: =+S17-1 -> -1 | T42: =+T17 -> 0 | U42: =+U17-1 -> -1 | V42: =SUM(M42:U42) -> -3 | W42: =+V42+L42 -> -6 | Z42: =(1*3)-(1*12) -> -9 | AA42: =SUM(X42:Z42) -> -9 | AB42: -2.2 | AC42: =SUM(AA42:AB42) -> -11.2
A43: =+A42+1 -> 16 | B43: =+B18 -> Blake Dougan | C43: =+C18-1 -> -1 | D43: =+D18-1 -> -1 | E43: =+E18-1 -> -1 | F43: =+F18-2 -> -2 | G43: =+G18-2 -> -2 | H43: =+H18-2 -> -2 | I43: =+I18-2 -> -2 | J43: =+J18-1 -> -1 | K43: =+K18-2 -> -2 | L43: =SUM(C43:K43) -> -14 | M43: =+M18-1 -> -1 | N43: =+N18-1 -> -1 | O43: =+O18-1 -> -1 | P43: =+P18-2 -> -2 | Q43: =+Q18-2 -> -2 | R43: =+R18-2 -> -2 | S43: =+S18-2 -> -2 | T43: =+T18-1 -> -1 | U43: =+U18-2 -> -2 | V43: =SUM(M43:U43) -> -14 | W43: =+V43+L43 -> -28 | Z43: =(1*3)-(1*12) -> -9 | AA43: =SUM(X43:Z43) -> -9 | AB43: -2.2 | AC43: =SUM(AA43:AB43) -> -11.2
A44: =+A43+1 -> 17 | B44: =+B19 -> Mike Dougan | C44: =+C19-1 -> -1 | D44: =+D19-1 -> -1 | E44: =+E19-1 -> -1 | F44: =+F19-1 -> -1 | G44: =+G19-2 -> -2 | H44: =+H19-1 -> -1 | I44: =+I19-2 -> -2 | J44: =+J19-1 -> -1 | K44: =+K19-2 -> -2 | L44: =SUM(C44:K44) -> -12 | M44: =+M19-1 -> -1 | N44: =+N19-1 -> -1 | O44: =+O19-1 -> -1 | P44: =+P19-1 -> -1 | Q44: =+Q19-2 -> -2 | R44: =+R19-1 -> -1 | S44: =+S19-2 -> -2 | T44: =+T19-1 -> -1 | U44: =+U19-2 -> -2 | V44: =SUM(M44:U44) -> -12 | W44: =+V44+L44 -> -24 | Z44: =(1*3)-(1*12) -> -9 | AA44: =SUM(X44:Z44) -> -9 | AB44: -2.2 | AC44: =SUM(AA44:AB44) -> -11.2
A45: =+A44+1 -> 18 | B45: =+B20 -> TJ Williams | C45: =+C20-1 -> -1 | D45: =+D20-1 -> -1 | E45: =+E20-1 -> -1 | F45: =+F20-2 -> -2 | G45: =+G20-2 -> -2 | H45: =+H20-1 -> -1 | I45: =+I20-2 -> -2 | J45: =+J20-1 -> -1 | K45: =+K20-2 -> -2 | L45: =SUM(C45:K45) -> -13 | M45: =+M20-1 -> -1 | N45: =+N20-1 -> -1 | O45: =+O20-1 -> -1 | P45: =+P20-1 -> -1 | Q45: =+Q20-2 -> -2 | R45: =+R20-1 -> -1 | S45: =+S20-2 -> -2 | T45: =+T20-1 -> -1 | U45: =+U20-2 -> -2 | V45: =SUM(M45:U45) -> -12 | W45: =+V45+L45 -> -25 | Z45: =(1*3)-(1*12) -> -9 | AA45: =SUM(X45:Z45) -> -9 | AB45: -2.2 | AC45: =SUM(AA45:AB45) -> -11.2
A46: =+A45+1 -> 19 | B46: =+B21 -> Brian McGovern | C46: =+C21-1 -> -1 | D46: =+D21 -> 0 | E46: =+E21 -> 0 | F46: =+F21-1 -> -1 | G46: =+G21-1 -> -1 | H46: =+H21-1 -> -1 | I46: =+I21-1 -> -1 | J46: =+J21-1 -> -1 | K46: =+K21-1 -> -1 | L46: =SUM(C46:K46) -> -7 | M46: =+M21-1 -> -1 | N46: =+N21 -> 0 | O46: =+O21 -> 0 | P46: =+P21-1 -> -1 | Q46: =+Q21-1 -> -1 | R46: =+R21-1 -> -1 | S46: =+S21-1 -> -1 | T46: =+T21-1 -> -1 | U46: =+U21-1 -> -1 | V46: =SUM(M46:U46) -> -7 | W46: =+V46+L46 -> -14 | Z46: =(1*3)-(1*12) -> -9 | AA46: =SUM(X46:Z46) -> -9 | AB46: -2.2 | AC46: =SUM(AA46:AB46) -> -11.2
A47: =+A46+1 -> 20 | B47: =+B22 -> Dave Keyser | C47: =+C22-1 -> -1 | D47: =+D22-1 -> -1 | E47: =+E22-1 -> -1 | F47: =+F22-2 -> -2 | G47: =+G22-2 -> -2 | H47: =+H22-2 -> -2 | I47: =+I22-2 -> -2 | J47: =+J22-1 -> -1 | K47: =+K22-2 -> -2 | L47: =SUM(C47:K47) -> -14 | M47: =+M22-1 -> -1 | N47: =+N22-1 -> -1 | O47: =+O22-1 -> -1 | P47: =+P22-2 -> -2 | Q47: =+Q22-2 -> -2 | R47: =+R22-2 -> -2 | S47: =+S22-2 -> -2 | T47: =+T22-1 -> -1 | U47: =+U22-2 -> -2 | V47: =SUM(M47:U47) -> -14 | W47: =+V47+L47 -> -28 | Z47: =(1*3)-(1*12) -> -9 | AA47: =SUM(X47:Z47) -> -9 | AB47: -2.2 | AC47: =SUM(AA47:AB47) -> -11.2
A48: =+A47+1 -> 21 | B48: =+B23 -> Jack Sullivan | C48: =+C23-2 -> 2 | D48: =+D23-1 -> 4 | E48: =+E23-2 -> 3 | F48: =+F23-2 -> 5 | G48: =+G23-2 -> 1 | H48: =+H23-2 -> 2 | I48: =+I23-2 -> 5 | J48: =+J23-2 -> 4 | K48: =+K23-2 -> 3 | L48: =SUM(C48:K48) -> 29 | M48: =+M23-2 -> 4 | N48: =+N23-1 -> 3 | O48: =+O23-2 -> 5 | P48: =+P23-2 -> 5 | Q48: =+Q23-2 -> 2 | R48: =+R23-2 -> 1 | S48: =+S23-2 -> 4 | T48: =+T23-2 -> 5 | U48: =+U23-2 -> 3 | V48: =SUM(M48:U48) -> 32 | W48: =+V48+L48 -> 61 | Z48: =(1*3)-(1*12) -> -9 | AA48: =SUM(X48:Z48) -> -9 | AB48: -2.2 | AC48: =SUM(AA48:AB48) -> -11.2
A49: =+A48+1 -> 22 | B49: =+B24 -> Chris Flynn | C49: =+C24-1 -> 4 | D49: =+D24-1 -> 3 | E49: =+E24-1 -> 4 | F49: =+F24-1 -> 6 | G49: =+G24-2 -> 2 | H49: =+H24-1 -> 3 | I49: =+I24-2 -> 5 | J49: =+J24-1 -> 4 | K49: =+K24-1 -> 4 | L49: =SUM(C49:K49) -> 35 | M49: =+M24-1 -> 3 | N49: =+N24-1 -> 4 | O49: =+O24-1 -> 4 | P49: =+P24-1 -> 5 | Q49: =+Q24-2 -> 2 | R49: =+R24-1 -> 3 | S49: =+S24-2 -> 4 | T49: =+T24-1 -> 4 | U49: =+U24-1 -> 4 | V49: =SUM(M49:U49) -> 33 | W49: =+V49+L49 -> 68 | X49: =(0.5*5)-(0.5*10) -> -2.5 | Y49: =(0.5*7)-(0.5*7) -> 0 | Z49: =(1*3)-(1*12) -> -9 | AA49: =SUM(X49:Z49) -> -11.5 | AB49: -2.2 | AC49: =SUM(AA49:AB49) -> -13.7
B50: Wins | X50: =SUM(X28:X49) -> 6.5 | Y50: =SUM(Y28:Y49) -> -1.5 | Z50: =SUM(Z28:Z49) -> -60 | AA50: =SUM(AA28:AA49) -> -55 | AB50: =SUM(AB28:AB49) -> -13.3 | AC50: =SUM(AC28:AC49) -> -68.3
B51: =+B28 -> Colin Sullivan | C51: 4 | D51: 10 | E51: 0 | F51: 1 | G51: 9 | H51: 5 | I51: 2 | J51: 6 | K51: 2 | M51: 11 | N51: 6 | O51: 1 | P51: 2 | Q51: 8 | R51: 8 | S51: 2 | T51: 9 | U51: 2
B52: =+B29 -> Bernie Sullivan | C52: 14 | D52: 6 | E52: 6 | F52: 0 | G52: 9 | H52: 1 | I52: 2 | J52: 6 | K52: 0 | M52: 6 | N52: 1 | O52: 10 | P52: 2 | Q52: 8 | R52: 2 | S52: 0 | T52: 4 | U52: 4
B53: =+B30 -> Joe McCardel | C53: 8 | D53: 0 | E53: 2 | F53: 1 | G53: 0 | H53: =+H51 -> 5 | I53: 2 | J53: 1 | K53: 10 | M53: 1 | N53: 1 | O53: 0 | P53: 2 | Q53: 0 | R53: 4 | S53: 2 | T53: 4 | U53: 2
B54: =+B31 -> Dave Brauer | C54: 8 | D54: 6 | E54: 2 | F54: 1 | G54: 3 | H54: 2 | I54: 9 | J54: 1 | K54: 2 | M54: =+M52 -> 6 | N54: 6 | O54: 6 | P54: 0 | Q54: 2 | R54: 4 | S54: 11 | T54: 9 | U54: 4
B55: =+B32 -> John Sullivan | C55: 8 | D55: 10 | E55: 6 | F55: 10 | G55: 9 | H55: 0 | I55: 2 | J55: 6 | K55: 10 | M55: =+M53 -> 1 | N55: 11 | O55: 6 | P55: 2 | Q55: 2 | R55: 4 | S55: 10 | T55: 4 | U55: 4
B56: =+B33 -> Ralph | C56: 8 | D56: 4 | E56: 2 | F56: 10 | G56: 3 | H56: =+H53 -> 5 | I56: 0 | J56: 6 | K56: 2 | M56: =+M54 -> 6 | N56: 0 | O56: 1 | P56: 2 | Q56: 2 | R56: 0 | S56: 0 | T56: 4 | U56: 1
B57: =+B34 -> Leo | C57: 15 | D57: 1 | E57: 6 | F57: 5 | G57: 1 | H57: 11 | I57: 0 | J57: 1 | K57: 2 | M57: 1 | N57: 6 | O57: 1 | P57: 2 | Q57: 2 | R57: 8 | S57: =+S51 -> 2 | T57: 1 | U57: 11
B58: =+B35 -> Matt Lawrence | C58: =+C56 -> 8 | D58: 6 | E58: 6 | F58: 5 | G58: 2 | H58: 2 | I58: 9 | J58: 1 | K58: 2 | M58: =+M56 -> 6 | N58: 6 | O58: 6 | P58: 2 | Q58: 0 | R58: 8 | S58: 2 | T58: 4 | U58: 4
B59: =+B36 -> Jerry Flynn | C59: =+C58 -> 8 | D59: 4 | E59: 0 | F59: 5 | G59: 3 | H59: =+H56 -> 5 | I59: 2 | J59: 6 | K59: 0 | M59: 0 | N59: 1 | O59: 1 | P59: 2 | Q59: 2 | R59: 8 | S59: 2 | T59: 1 | U59: 4
B60: =+B37 -> Mike Flynn | C60: 4 | D60: 6 | E60: 6 | F60: 5 | G60: 3 | H60: 9 | I60: 2 | J60: 1 | K60: 2 | M60: 1 | N60: 1 | O60: 6 | P60: 2 | Q60: 8 | R60: 8 | S60: 2 | T60: 1 | U60: 4
B61: =+B38 -> Sean Flynn | C61: 0 | D61: 1 | E61: 2 | F61: 1 | G61: 3 | H61: =+H54 -> 2 | I61: 2 | J61: 6 | K61: 2 | M61: =+M58 -> 6 | N61: 6 | O61: 10 | P61: 2 | Q61: 8 | R61: 0 | S61: 2 | T61: 9 | U61: 0
B62: =+B39 -> Kevin Fitzgerald | C62: 4 | D62: 1 | E62: 11 | F62: 5 | G62: 3 | H62: =+H60 -> 9 | I62: 9 | J62: 0 | K62: 2 | M62: 1 | N62: 1 | O62: 1 | P62: 0 | Q62: 2 | R62: 0 | S62: 2 | T62: 0 | U62: 4
B63: =+B40 -> Richard McGovern | C63: 1 | D63: 14 | E63: 9 | F63: 2 | G63: 2
B64: =+B41 -> Mike Fitzgerald | C64: 1 | D64: 15 | E64: 0 | F64: 2 | G64: 2
B65: =+B42 -> Matt Brauer | C65: 1 | D65: 1 | E65: 3 | F65: 2
B66: =+B43 -> Blake Dougan
B67: =+B44 -> Mike Dougan
B68: =+B45 -> TJ Williams
B69: =+B46 -> Brian McGovern
B70: =+B47 -> Dave Keyser | C70: =+C60 -> 4 | D70: 6 | E70: 14 | F70: 0
B71: =+B48 -> Jack Sullivan
B72: =+B49 -> Chris Flynn
C73: =SUM(C51:C72) -> 96 | D73: =SUM(D51:D72) -> 91 | E73: =SUM(E51:E72) -> 75 | F73: =SUM(F51:F72) -> 55 | G73: =SUM(G51:G72) -> 52 | H73: =SUM(H51:H72) -> 56 | I73: =SUM(I51:I72) -> 41 | J73: =SUM(J51:J72) -> 41 | K73: =SUM(K51:K72) -> 36 | M73: =SUM(M51:M72) -> 46 | N73: =SUM(N51:N72) -> 46 | O73: =SUM(O51:O72) -> 49 | P73: =SUM(P51:P72) -> 20 | Q73: =SUM(Q51:Q72) -> 44 | R73: =SUM(R51:R72) -> 54 | S73: =SUM(S51:S72) -> 37 | T73: =SUM(T51:T72) -> 50 | U73: =SUM(U51:U72) -> 44
B74: Lose
B75: =+B51 -> Colin Sullivan | C75: -8 | D75: 0 | E75: -10 | F75: -7 | G75: 0 | H75: -3 | I75: -3 | J75: 0 | K75: -2 | M75: 0 | N75: -1 | O75: -6 | P75: 0 | Q75: 0 | R75: 0 | S75: -2 | T75: 0 | U75: -8
B76: =+B52 -> Bernie Sullivan | C76: -1 | D76: -2 | E76: -1 | F76: -11 | G76: 0 | H76: -10 | I76: -3 | J76: 0 | K76: -10 | M76: -1 | N76: -6 | O76: 0 | P76: 0 | Q76: 0 | R76: -9 | S76: -10 | T76: -3 | U76: -1
B77: =+B53 -> Joe McCardel | C77: -2 | D77: -11 | E77: -6 | F77: -7 | G77: -11 | H77: =+H75 -> -3 | I77: -3 | J77: -6 | K77: 0 | M77: -6 | N77: =+N76 -> -6 | O77: -11 | P77: 0 | Q77: -10 | R77: -4 | S77: -2 | T77: -3 | U77: -8
B78: =+B54 -> Dave Brauer | C78: -2 | D78: -2 | E78: -6 | F78: -7 | G78: -3 | H78: -7 | I78: 0 | J78: -6 | K78: -2 | M78: =+M76 -> -1 | N78: =+N75 -> -1 | O78: -2 | P78: -10 | Q78: -4 | R78: -4 | S78: 0 | T78: 0 | U78: -1
B79: =+B55 -> John Sullivan | C79: -2 | D79: 0 | E79: -1 | F79: 0 | G79: 0 | H79: -11 | I79: -3 | J79: 0 | K79: 0 | M79: =+M77 -> -6 | N79: 0 | O79: -2 | P79: 0 | Q79: -4 | R79: -4 | S79: -1 | T79: -3 | U79: -1
B80: =+B56 -> Ralph | C80: -2 | D80: -6 | E80: -6 | F80: 0 | G80: -3 | H80: =+H77 -> -3 | I80: -10 | J80: 0 | K80: -2 | M80: =+M76 -> -1 | N80: -11 | O80: -6 | P80: 0 | Q80: -4 | R80: -10 | S80: -10 | T80: -3 | U80: -10
B81: =+B57 -> Leo | C81: 0 | D81: -8 | E81: -1 | F81: -2 | G81: -10 | H81: 0 | I81: =+I80 -> -10 | J81: -6 | K81: -2 | M81: =+M77 -> -6 | N81: =+N75 -> -1 | O81: -6 | P81: 0 | Q81: -4 | R81: 0 | S81: -2 | T81: -8 | U81: 0
B82: =+B58 -> Matt Lawrence | C82: -4 | D82: -2 | E82: -1 | F82: -2 | G82: -9 | H82: =+H78 -> -7 | I82: 0 | J82: -6 | K82: -2 | M82: =+M76 -> -1 | N82: =+N81 -> -1 | O82: =+O79 -> -2 | P82: 0 | Q82: -10 | R82: 0 | S82: -2 | T82: -3 | U82: -1
B83: =+B59 -> Jerry Flynn | C83: -2 | D83: -6 | E83: -10 | F83: -2 | G83: -3 | H83: =+H80 -> -3 | I83: -3 | J83: 0 | K83: -10 | M83: -11 | N83: =+N76 -> -6 | O83: =+O75 -> -6 | P83: 0 | Q83: -4 | R83: 0 | S83: -2 | T83: -8 | U83: -1
B84: =+B60 -> Mike Flynn | C84: -8 | D84: -2 | E84: -1 | F84: -2 | G84: -3 | H84: -1 | I84: -3 | J84: -6 | K84: -2 | M84: =+M81 -> -6 | N84: =+N83 -> -6 | O84: =+O82 -> -2 | P84: 0 | Q84: 0 | R84: -4 | S84: -2 | T84: -8 | U84: -1
B85: =+B61 -> Sean Flynn | C85: -15 | D85: -8 | E85: -6 | F85: -7 | G85: -3 | H85: =+H78 -> -7 | I85: -3 | J85: 0 | K85: -2 | M85: =+M82 -> -1 | N85: =+N82 -> -1 | O85: 0 | P85: 0 | Q85: 0 | R85: -10 | S85: -2 | T85: 0 | U85: -11
B86: =+B62 -> Kevin Fitzgerald | C86: -8 | D86: -8 | E86: 0 | F86: -2 | G86: -3 | H86: =+H84 -> -1 | I86: 0 | J86: -11 | K86: -2 | M86: =+M84 -> -6 | N86: =+N84 -> -6 | O86: =+O81 -> -6 | P86: -10 | Q86: -4 | R86: -9 | S86: -2 | T86: -11 | U86: -1
B87: =+B63 -> Richard McGovern
B88: =+B64 -> Mike Fitzgerald
B89: =+B65 -> Matt Brauer
B90: =+B66 -> Blake Dougan
B91: =+B67 -> Mike Dougan
B92: =+B68 -> TJ Williams
B93: =+B69 -> Brian McGovern | C93: -12
B94: =+B70 -> Dave Keyser | C94: -12
B95: =+B71 -> Jack Sullivan | C95: -12
B96: =+B72 -> Chris Flynn | C96: -8
C97: =SUM(C75:C96) -> -98 | D97: =SUM(D75:D96) -> -55 | E97: =SUM(E75:E96) -> -49 | F97: =SUM(F75:F96) -> -49 | G97: =SUM(G75:G96) -> -48 | H97: =SUM(H75:H96) -> -56 | I97: =SUM(I75:I96) -> -41 | J97: =SUM(J75:J96) -> -41 | K97: =SUM(K75:K96) -> -36 | M97: =SUM(M75:M96) -> -46 | N97: =SUM(N75:N96) -> -46 | O97: =SUM(O75:O96) -> -49 | P97: =SUM(P75:P96) -> -20 | Q97: =SUM(Q75:Q96) -> -44 | R97: =SUM(R75:R96) -> -54 | S97: =SUM(S75:S96) -> -37 | T97: =SUM(T75:T96) -> -50 | U97: =SUM(U75:U96) -> -44
B98: Net | Y98: Front | Z98: Back | AA98: Total
B99: =+B75 -> Colin Sullivan | C99: =+C51+C75 -> -4 | D99: =+D51+D75 -> 10 | E99: =+E51+E75 -> -10 | F99: =+F51+F75 -> -6 | G99: =+G51+G75 -> 9 | H99: =+H51+H75 -> 2 | I99: =+I51+I75 -> -1 | J99: =+J51+J75 -> 6 | K99: =+K51+K75 -> 0 | L99: =SUM(C99:K99) -> 6 | M99: =+M51+M75 -> 11 | N99: =+N51+N75 -> 5 | O99: =+O51+O75 -> -5 | P99: =+P51+P75 -> 2 | Q99: =+Q51+Q75 -> 8 | R99: =+R51+R75 -> 8 | S99: =+S51+S75 -> 0 | T99: =+T51+T75 -> 9 | U99: =+U51+U75 -> -6 | V99: =SUM(M99:U99) -> 32 | W99: =+V99+L99 -> 38 | X99: =+W99*0.3 -> 11.4 | Y99: =3.5-1.5 -> 2 | Z99: 5 | AA99: =10-1 -> 9 | AB99: =+X99+Y99+Z99+AA99 -> 27.4
B100: =+B76 -> Bernie Sullivan | C100: =+C52+C76 -> 13 | D100: =+D52+D76 -> 4 | E100: =+E52+E76 -> 5 | F100: =+F52+F76 -> -11 | G100: =+G52+G76 -> 9 | H100: =+H52+H76 -> -9 | I100: =+I52+I76 -> -1 | J100: =+J52+J76 -> 6 | K100: =+K52+K76 -> -10 | L100: =SUM(C100:K100) -> 6 | M100: =+M52+M76 -> 5 | N100: =+N52+N76 -> -5 | O100: =+O52+O76 -> 10 | P100: =+P52+P76 -> 2 | Q100: =+Q52+Q76 -> 8 | R100: =+R52+R76 -> -7 | S100: =+S52+S76 -> -10 | T100: =+T52+T76 -> 1 | U100: =+U52+U76 -> 3 | V100: =SUM(M100:U100) -> 7 | W100: =+V100+L100 -> 13 | X100: =+W100*0.3 -> 3.9 | Y100: =3.5-1.5 -> 2 | Z100: 5 | AA100: =10-1 -> 9 | AB100: =+X100+Y100+Z100+AA100 -> 19.9
B101: =+B77 -> Joe McCardel | C101: =+C53+C77 -> 6 | D101: =+D53+D77 -> -11 | E101: =+E53+E77 -> -4 | F101: =+F53+F77 -> -6 | G101: =+G53+G77 -> -11 | H101: =+H53+H77 -> 2 | I101: =+I53+I77 -> -1 | J101: =+J53+J77 -> -5 | K101: =+K53+K77 -> 10 | L101: =SUM(C101:K101) -> -20 | M101: =+M53+M77 -> -5 | N101: =+N53+N77 -> -5 | O101: =+O53+O77 -> -11 | P101: =+P53+P77 -> 2 | Q101: =+Q53+Q77 -> -10 | R101: =+R53+R77 -> 0 | S101: =+S53+S77 -> 0 | T101: =+T53+T77 -> 1 | U101: =+U53+U77 -> -6 | V101: =SUM(M101:U101) -> -34 | W101: =+V101+L101 -> -54 | X101: =+W101*0.3 -> -16.2 | Y101: =3.5-1.5 -> 2 | Z101: 5 | AA101: =10-1 -> 9 | AB101: =+X101+Y101+Z101+AA101 -> -0.2
...

Sheet Sheet2

Sheet Sheet1
C1: Name | D1: Front | E1: Back | F1: total | H1: Front | L1: Front | M1: Back | N1: Total | AC1: Wins | AD1: Losses | AE1: Owed | AF1: Multipler | AG1: Given
B2: 1 | C2: Ralph | D2: 27 | E2: 31 | F2: =SUM(D2:E2) -> 58 | G2: =IF(D2<D2,"","") | H2: 21 | K2: Bernie Sullivan | L2: 21 | M2: 5 | AC2: =IF($D$2<D2,1,0) -> 0 | AD2: =21-AC2 -> 21 | AE2: =-AD2*0.5 -> -10.5 | AF2: 0.5 | AG2: =+AC2*AF2 -> 0
B3: 2 | C3: Bernie Sullivan | D3: 26 | E3: 37 | F3: =SUM(D3:E3) -> 63 | G3: =IF(D3<D4,"WIN","") -> WIN | H3: =20-1 -> 19 | K3: Ralph | L3: 19 | M3: 21 | AC3: =IF($D$2<D3,1,0) -> 0 | AD3: =21-AC3 -> 21 | AE3: =-AD3*0.5 -> -10.5 | AF3: 0.5 | AG3: =+AC3*AF3 -> 0
B4: 3 | C4: Mike Flynn | D4: 31 | E4: 34 | F4: =SUM(D4:E4) -> 65 | G4: =IF(D4<D5,"WIN","TIE") -> WIN | H4: =19-2 -> 17 | K4: Mike Flynn | L4: 16 | M4: 16 | AC4: =IF($D$2<D4,1,0) -> 1 | AD4: 2 | AE4: =-AD4*0.5 -> -1 | AF4: 0.5 | AG4: =+AC4*AF4 -> 0.5
B5: 4 | C5: Colin Sullivan | D5: 36 | E5: 32 | F5: =SUM(D5:E5) -> 68 | G5: =IF(D5<D6,"WIN","TIE") -> TIE | H5: =+H4 -> 17 | K5: Mike Fitzgerald | L5: 16 | M5: 5 | AC5: =IF($D$2<D5,1,0) -> 1 | AD5: 2 | AE5: =-AD5*0.5 -> -1 | AF5: 0.5 | AG5: =+AC5*AF5 -> 0.5
B6: 5 | C6: Dave Brauer | D6: 34 | E6: 34 | F6: =SUM(D6:E6) -> 68 | G6: =IF(D6<D7,"WIN","TIE") -> TIE | H6: =16-4 -> 12 | K6: Kevin Fitzgerald | L6: 13 | M6: -11 | AC6: =IF($D$2<D6,1,0) -> 1 | AD6: =21-AC6 -> 20 | AE6: =-AD6*0.5 -> -10 | AF6: 0.5 | AG6: =+AC6*AF6 -> 0.5
B7: 6 | C7: Mike Fitzgerald | D7: 31 | E7: 37 | F7: =SUM(D7:E7) -> 68 | G7: =IF(D7<D8,"WIN","TIE") -> WIN | H7: =+H6 -> 12 | K7: Dave Brauer | L7: 10 | M7: 16 | AC7: =IF($D$2<D7,1,0) -> 1 | AD7: =21-AC7 -> 20 | AE7: =-AD7*0.5 -> -10 | AF7: 0.5 | AG7: =+AC7*AF7 -> 0.5
B8: 7 | C8: Richard McGovern | D8: 35 | E8: 35 | F8: =SUM(D8:E8) -> 70 | G8: =IF(D8<D9,"WIN","TIE") -> WIN | H8: =11-6 -> 5 | K8: Joe McCardel | L8: 10 | M8: -11 | AC8: =IF($D$2<D8,1,0) -> 1 | AD8: =21-AC8 -> 20 | AE8: =-AD8*0.5 -> -10 | AF8: 0.5 | AG8: =+AC8*AF8 -> 0.5
B9: 8 | C9: Chris Flynn | D9: 36 | E9: 35 | F9: =SUM(D9:E9) -> 71 | G9: =IF(D9<D10,"WIN","TIE") -> TIE | H9: =+H8 -> 5 | K9: Richard McGovern | L9: 7 | M9: 5 | AC9: =IF($D$2<D9,1,0) -> 1 | AD9: =21-AC9 -> 20 | AE9: =-AD9*0.5 -> -10 | AF9: 0.5 | AG9: =+AC9*AF9 -> 0.5
B10: 9 | C10: Jerry Flynn | D10: 36 | E10: 37 | F10: =SUM(D10:E10) -> 73 | G10: =IF(D10<D11,"WIN","TIE") -> WIN | H10: =+H9 -> 5 | K10: Colin Sullivan | L10: 1 | M10: 19 | AC10: =IF($D$2<D10,1,0) -> 1 | AD10: =21-AC10 -> 20 | AE10: =-AD10*0.5 -> -10 | AF10: 0.5 | AG10: =+AC10*AF10 -> 0.5
B11: 10 | C11: Brian McGovern | D11: 37 | E11: 37 | F11: =SUM(D11:E11) -> 74 | G11: =IF(D11<D12,"WIN","TIE") -> TIE | H11: =+H10 -> 5 | K11: Chris Flynn | L11: 1 | M11: 12 | AC11: =IF($D$2<D11,1,0) -> 1 | AD11: =21-AC11 -> 20 | AE11: =-AD11*0.5 -> -10 | AF11: 0.5 | AG11: =+AC11*AF11 -> 0.5
B12: 11 | C12: Kevin Fitzgerald | D12: 33 | E12: 41 | F12: =SUM(D12:E12) -> 74 | G12: =IF(D12<D13,"WIN","TIE") -> WIN | H12: =+H11 -> 5 | K12: Jerry Flynn | L12: 1 | M12: 5 | AC12: =IF($D$2<D12,1,0) -> 1 | AD12: =21-AC12 -> 20 | AE12: =-AD12*0.5 -> -10 | AF12: 0.5 | AG12: =+AC12*AF12 -> 0.5
B13: 12 | C13: Joe McCardel | D13: 34 | E13: 41 | F13: =SUM(D13:E13) -> 75 | G13: =IF(D13<D14,"WIN","TIE") -> WIN | H13: =9-11 -> -2 | K13: John Sullivan | L13: 1 | M13: -11 | AC13: =IF($D$2<D13,1,0) -> 1 | AD13: =21-AC13 -> 20 | AE13: =-AD13*0.5 -> -10 | AF13: 0.5 | AG13: =+AC13*AF13 -> 0.5
B14: 13 | C14: Matt Brauer | D14: 38 | E14: 39 | F14: =SUM(D14:E14) -> 77 | G14: =IF(D14<D15,"WIN","TIE") -> TIE | H14: =+H13 -> -2 | K14: Matt Lawrence | L14: 1 | M14: -11 | AC14: =IF($D$2<D14,1,0) -> 1 | AD14: =21-AC14 -> 20 | AE14: =-AD14*0.5 -> -10 | AF14: 0.5 | AG14: =+AC14*AF14 -> 0.5
B15: 14 | C15: John Sullivan | D15: 36 | E15: 41 | F15: =SUM(D15:E15) -> 77 | G15: =IF(D15<D16,"WIN","TIE") -> TIE | H15: =8-13 -> -5 | K15: Brian McGovern | L15: -5 | M15: 5 | AC15: =IF($D$2<D15,1,0) -> 1 | AD15: =21-AC15 -> 20 | AE15: =-AD15*0.5 -> -10 | AF15: 0.5 | AG15: =+AC15*AF15 -> 0.5
B16: 15 | C16: Matt Lawrence | D16: 36 | E16: 41 | F16: =SUM(D16:E16) -> 77 | G16: =IF(D16<D17,"WIN","TIE") -> WIN | H16: =3-14 -> -11 | K16: Matt Brauer | L16: -8 | M16: -2 | AC16: =IF($D$2<D16,1,0) -> 1 | AD16: =21-AC16 -> 20 | AE16: =-AD16*0.5 -> -10 | AF16: 0.5 | AG16: =+AC16*AF16 -> 0.5
B17: 16 | C17: Leo | D17: 41 | E17: 37 | F17: =SUM(D17:E17) -> 78 | G17: =IF(D17<D18,"WIN","TIE") -> TIE | H17: =+H16 -> -11 | K17: Jack Sullivan | L17: -8 | M17: -5 | AC17: =IF($D$2<D17,1,0) -> 1 | AD17: =21-AC17 -> 20 | AE17: =-AD17*0.5 -> -10 | AF17: 0.5 | AG17: =+AC17*AF17 -> 0.5
B18: 17 | C18: Dave Keyser | D18: 39 | E18: 39 | F18: =SUM(D18:E18) -> 78 | G18: =IF(D18<D19,"WIN","TIE") -> TIE | H18: =+H17 -> -11 | K18: Dave Keyser | L18: -12 | M18: -2 | AC18: =IF($D$2<D18,1,0) -> 1 | AD18: =21-AC18 -> 20 | AE18: =-AD18*0.5 -> -10 | AF18: 0.5 | AG18: =+AC18*AF18 -> 0.5
B19: 18 | C19: Jack Sullivan | D19: 38 | E19: 40 | F19: =SUM(D19:E19) -> 78 | G19: =IF(D19<D20,"WIN","TIE") -> WIN | H19: =+H18 -> -11 | K19: Sean Flynn | L19: -12 | M19: -11 | AC19: =IF($D$2<D19,1,0) -> 1 | AD19: =21-AC19 -> 20 | AE19: =-AD19*0.5 -> -10 | AF19: 0.5 | AG19: =+AC19*AF19 -> 0.5
B20: 19 | C20: Sean Flynn | D20: 39 | E20: 41 | F20: =SUM(D20:E20) -> 80 | G20: =IF(D20<D21,"WIN","TIE") -> WIN | H20: =+H19 -> -11 | K20: Leo | L20: -15 | M20: 5 | AC20: =IF($D$2<D20,1,0) -> 1 | AD20: =21-AC20 -> 20 | AE20: =-AD20*0.5 -> -10 | AF20: 0.5 | AG20: =+AC20*AF20 -> 0.5
B21: 20 | C21: Mike Dougan | D21: 47 | E21: 50 | F21: =SUM(D21:E21) -> 97 | G21: =IF(D21<D22,"WIN","TIE") -> WIN | H21: =2-19 -> -17 | K21: Mike Dougan | L21: -17 | M21: -19 | AC21: =IF($D$2<D21,1,0) -> 1 | AD21: =21-AC21 -> 20 | AE21: =-AD21*0.5 -> -10 | AF21: 0.5 | AG21: =+AC21*AF21 -> 0.5
B22: 21 | C22: TJ Williams | D22: 53 | E22: 46 | F22: =SUM(D22:E22) -> 99 | G22: =IF(D22<D23,"WIN","TIE") -> TIE | H22: =1-20 -> -19 | K22: Blake Dougan | L22: -19 | M22: -21 | AC22: =IF($D$2<D22,1,0) -> 1 | AD22: =21-AC22 -> 20 | AE22: =-AD22*0.5 -> -10 | AF22: 0.5 | AG22: =+AC22*AF22 -> 0.5
B23: 22 | C23: Blake Dougan | D23: 51 | E23: 51 | F23: =SUM(D23:E23) -> 102 | G23: =IF(D23<D24,"WIN","TIE") -> TIE | H23: -21 | K23: TJ Williams | L23: -21 | M23: -17 | AC23: =IF($D$2<D23,1,0) -> 1 | AD23: =21-AC23 -> 20 | AE23: =-AD23*0.5 -> -10 | AF23: 0.5 | AG23: 0
H24: =SUM(H2:H23) -> 2 | L24: 0 | M24: 0 | AC24: =SUM(AC2:AC23) -> 20 | AD24: =SUM(AD2:AD23) -> 406 | AE24: =SUM(AE2:AE23) -> -203 | AG24: =SUM(AG2:AG23) -> 9.5

Sheet day 2
X1: Day 2 | Z1: Day 2 | AA1: Day 3
B2: Name | C2: 1 | D2: 2 | E2: 3 | F2: 4 | G2: 5 | H2: 6 | I2: 7 | J2: 8 | K2: 9 | L2: Front | M2: 10 | N2: 11 | O2: 12 | P2: 13 | Q2: 14 | R2: 15 | S2: 16 | T2: 17 | U2: 18 | V2: Back | W2: Total | X2: HDCP | Z2: Net | AA2: HDCP
B3: Dave Kizer | C3: 5 | D3: 5 | E3: 4 | F3: 7 | G3: 4 | H3: 7 | I3: 6 | J3: 6 | K3: 6 | L3: =SUM(C3:K3) -> 50 | M3: 6 | N3: 5 | O3: 6 | P3: 6 | Q3: 5 | R3: 4 | S3: 6 | T3: 4 | U3: 5 | V3: =SUM(M3:U3) -> 47 | W3: =+L3+V3 -> 97 | X3: =+'day 1'!AA3 -> 29.75 | Y3: =(+W3-70)*0.87 -> 23.49 | Z3: =+W3-Y3 -> 73.51 | AA3: =(W3-70)*0.875 -> 23.625 | AB3: =+Z3+'day 1'!Z3 -> 141.51
B4: Bernie Sullivan | C4: 5 | D4: 4 | E4: 5 | F4: 6 | G4: 5 | H4: 4 | I4: 5 | J4: 6 | K4: 3 | L4: =SUM(C4:K4) -> 43 | M4: 5 | N4: 4 | O4: 5 | P4: 5 | Q4: 3 | R4: 5 | S4: 7 | T4: 4 | U4: 4 | V4: =SUM(M4:U4) -> 42 | W4: =+L4+V4 -> 85 | X4: =+'day 1'!AA4 -> 14 | Y4: =(+W4-70)*0.875 -> 13.125 | Z4: =+W4-X4 -> 71 | AA4: =(W4-70)*0.875 -> 13.125 | AB4: =+Z4+'day 1'!Z4 -> 134.25
B5: Joe McCardel | C5: 7 | D5: 7 | E5: 7 | F5: 7 | G5: 6 | H5: 7 | I5: 6 | J5: 7 | K5: 5 | L5: =SUM(C5:K5) -> 59 | M5: 7 | N5: 5 | O5: 6 | P5: 8 | Q5: 4 | R5: 5 | S5: 5 | T5: 5 | U5: 5 | V5: =SUM(M5:U5) -> 50 | W5: =+L5+V5 -> 109 | X5: =+'day 1'!AA5 -> 30.625 | Y5: =(+W5-70)*0.875 -> 34.125 | Z5: =+W5-X5 -> 78.375 | AA5: =(W5-70)*0.875 -> 34.125 | AB5: =+Z5+'day 1'!Z5 -> 153.625
B6: Dave Brauer | C6: 5 | D6: 5 | E6: 5 | F6: 7 | G6: 5 | H6: 6 | I6: 5 | J6: 6 | K6: 6 | L6: =SUM(C6:K6) -> 50 | M6: 5 | N6: 6 | O6: 6 | P6: 6 | Q6: 5 | R6: 4 | S6: 6 | T6: 4 | U6: 5 | V6: =SUM(M6:U6) -> 47 | W6: =+L6+V6 -> 97 | X6: =+'day 1'!AA6 -> 15.75 | Y6: =(+W6-70)*0.875 -> 23.625 | Z6: =+W6-X6 -> 81.25 | AA6: =(W6-70)*0.875 -> 23.625 | AB6: =+Z6+'day 1'!Z6 -> 149.125
B7: John Sullivan | C7: 7 | D7: 4 | E7: 5 | F7: 6 | G7: 4 | H7: 4 | I7: 7 | J7: 5 | K7: 4 | L7: =SUM(C7:K7) -> 46 | M7: 6 | N7: 5 | O7: 6 | P7: 6 | Q7: 2 | R7: 4 | S7: 5 | T7: 4 | U7: 5 | V7: =SUM(M7:U7) -> 43 | W7: =+L7+V7 -> 89 | X7: =+'day 1'!AA7 -> 21.875 | Y7: =(+W7-70)*0.875 -> 16.625 | Z7: =+W7-X7 -> 67.125 | AA7: =(W7-70)*0.875 -> 16.625 | AB7: =+Z7+'day 1'!Z7 -> 143.75 | AC7: =76+62 -> 138
B8: Ralph | C8: 5 | D8: 4 | E8: 3 | F8: 5 | G8: 5 | H8: 4 | I8: 4 | J8: 4 | K8: 5 | L8: =SUM(C8:K8) -> 39 | M8: 8 | N8: 5 | O8: 4 | P8: 7 | Q8: 4 | R8: 4 | S8: 5 | T8: 6 | U8: 5 | V8: =SUM(M8:U8) -> 48 | W8: =+L8+V8 -> 87 | X8: =+'day 1'!AA8 -> 11.375 | Y8: =(+W8-70)*0.875 -> 14.875 | Z8: =+W8-X8 -> 75.625 | AA8: =(W8-70)*0.875 -> 14.875 | AB8: =+Z8+'day 1'!Z8 -> 134.125
B9: Leo | C9: 6 | D9: 10 | E9: 11 | F9: 8 | G9: 8 | H9: 8 | I9: 8 | J9: 5 | K9: 6 | L9: =SUM(C9:K9) -> 70 | M9: 9 | N9: 10 | O9: 5 | P9: 11 | Q9: 7 | R9: 6 | S9: 7 | T9: 6 | U9: 6 | V9: =SUM(M9:U9) -> 67 | W9: =+L9+V9 -> 137 | X9: =+'day 1'!AA9 -> 56.875 | Y9: =(+W9-70)*0.875 -> 58.625 | Z9: =+W9-X9 -> 80.125 | AA9: =(W9-70)*0.875 -> 58.625 | AB9: =+Z9+'day 1'!Z9 -> 158.25
B10: Matt Lawrence | C10: 6 | D10: 4 | E10: 4 | F10: 6 | G10: 5 | H10: 4 | I10: 4 | J10: 4 | K10: 5 | L10: =SUM(C10:K10) -> 42 | M10: 5 | N10: 6 | O10: 5 | P10: 4 | Q10: 3 | R10: 4 | S10: 4 | T10: 5 | U10: 5 | V10: =SUM(M10:U10) -> 41 | W10: =+L10+V10 -> 83 | X10: =+'day 1'!AA10 -> 18.375 | Y10: =(+W10-70)*0.875 -> 11.375 | Z10: =+W10-X10 -> 64.625 | AA10: =(W10-70)*0.875 -> 11.375 | AB10: =+Z10+'day 1'!Z10 -> 140.75
B11: Jerry Flynn | C11: 6 | D11: 6 | E11: 6 | F11: 8 | G11: 4 | H11: 5 | I11: 5 | J11: 5 | K11: 5 | L11: =SUM(C11:K11) -> 50 | M11: 5 | N11: 6 | O11: 5 | P11: 7 | Q11: 4 | R11: 4 | S11: 5 | T11: 4 | U11: 5 | V11: =SUM(M11:U11) -> 45 | W11: =+L11+V11 -> 95 | X11: =+'day 1'!AA11 -> 16.625 | Y11: =(+W11-70)*0.875 -> 21.875 | Z11: =+W11-X11 -> 78.375 | AA11: =(W11-70)*0.875 -> 21.875 | AB11: =+Z11+'day 1'!Z11 -> 151.625
B12: Mike Flynn | C12: 5 | D12: 7 | E12: 5 | F12: 6 | G12: 4 | H12: 3 | I12: 7 | J12: 5 | K12: 5 | L12: =SUM(C12:K12) -> 47 | M12: 6 | N12: 4 | O12: 6 | P12: 6 | Q12: 3 | R12: 4 | S12: 6 | T12: 5 | U12: 5 | V12: =SUM(M12:U12) -> 45 | W12: =+L12+V12 -> 92 | X12: =+'day 1'!AA12 -> 7 | Y12: =(+W12-70)*0.875 -> 19.25 | Z12: =+W12-X12 -> 85 | AA12: =(W12-70)*0.875 -> 19.25 | AB12: =+Z12+'day 1'!Z12 -> 149.875 | AC12: =79+72 -> 151
B13: Kevin Fitzgerald | C13: 6 | D13: 9 | E13: 10 | F13: 6 | G13: 4 | H13: 6 | I13: 6 | J13: 6 | K13: 6 | L13: =SUM(C13:K13) -> 59 | M13: 5 | N13: 6 | O13: 5 | P13: 10 | Q13: 6 | R13: 8 | S13: 7 | T13: 4 | U13: 6 | V13: =SUM(M13:U13) -> 57 | W13: =+L13+V13 -> 116 | X13: =+'day 1'!AA14 -> 25.375 | Y13: =(+W13-70)*0.875 -> 40.25 | Z13: =+W13-X13 -> 90.625 | AA13: =(W13-70)*0.875 -> 40.25 | AB13: =+Z13+'day 1'!Z14 -> 164.25
B14: Richard McGovern | C14: 6 | D14: 6 | E14: 7 | F14: 7 | G14: 5 | H14: 3 | I14: 5 | J14: 5 | K14: 4 | L14: =SUM(C14:K14) -> 48 | M14: 5 | N14: 6 | O14: 7 | P14: 8 | Q14: 4 | R14: 4 | S14: 8 | T14: 4 | U14: 5 | V14: =SUM(M14:U14) -> 51 | W14: =+L14+V14 -> 99 | X14: =+'day 1'!AA15 -> 24.5 | Y14: =(+W14-70)*0.875 -> 25.375 | Z14: =+W14-X14 -> 74.5 | AA14: =(W14-70)*0.875 -> 25.375 | AB14: =+Z14+'day 1'!Z15 -> 144.5 | AC14: =81+63 -> 144
B15: Richie Payne | C15: 6 | D15: 6 | E15: 6 | F15: 6 | G15: 6 | H15: 4 | I15: 5 | J15: 7 | K15: 4 | L15: =SUM(C15:K15) -> 50 | M15: 8 | N15: 6 | O15: 6 | P15: 7 | Q15: 4 | R15: 4 | S15: 6 | T15: 6 | U15: 8 | V15: =SUM(M15:U15) -> 55 | W15: =+L15+V15 -> 105 | X15: =+'day 1'!AA16 -> 11.375 | Y15: =(+W15-70)*0.875 -> 30.625 | Z15: =+W15-X15 -> 93.625 | AA15: =(W15-70)*0.875 -> 30.625 | AB15: =+Z15+'day 1'!Z16 -> 162.625
B16: Ed Cox | C16: 9 | D16: 8 | E16: 5 | F16: 8 | G16: 6 | H16: 5 | I16: 7 | J16: 7 | K16: 7 | L16: =SUM(C16:K16) -> 62 | M16: 6 | N16: 7 | O16: 8 | P16: 7 | Q16: 7 | R16: 8 | S16: 6 | T16: 6 | U16: 6 | V16: =SUM(M16:U16) -> 61 | W16: =+L16+V16 -> 123 | X16: =+'day 1'!AA17 -> 6.125 | Y16: =(+W16-70)*0.875 -> 46.375 | Z16: =+W16-X16 -> 116.875 | AA16: =(W16-70)*0.875 -> 46.375 | AB16: =+Z16+'day 1'!Z17 -> 193.875
B17: Jack Sullivan | C17: 5 | D17: 6 | E17: 6 | F17: 7 | G17: 5 | H17: 6 | I17: 6 | J17: 7 | K17: 6 | L17: =SUM(C17:K17) -> 54 | M17: 5 | N17: 6 | O17: 6 | P17: 7 | Q17: 3 | R17: 5 | S17: 7 | T17: 5 | U17: 4 | V17: =SUM(M17:U17) -> 48 | W17: =+L17+V17 -> 102 | X17: =+'day 1'!AA23 -> 34.125 | Y17: =(+W17-70)*0.875 -> 28 | Z17: =+W17-X17 -> 67.875 | AA17: =(W17-70)*0.875 -> 28 | AB17: =+Z17+'day 1'!Z23 -> 145.875
B18: HDCP | C18: 11 | D18: 17 | E18: 15 | F18: 7 | G18: 3 | H18: 9 | I18: 1 | J18: 13 | K18: 5 | M18: 12 | N18: 18 | O18: 16 | P18: 8 | Q18: 4 | R18: 10 | S18: 2 | T18: 14 | U18: 6 | X18: =3*18 -> 54
B20: Net of HDCP
A21: 1 | B21: =+B3 -> Dave Kizer | C21: =+C3-1 -> 4 | D21: =+D3-1 -> 4 | E21: =+E3-1 -> 3 | F21: =+F3-1 -> 6 | G21: =+G3-2 -> 2 | H21: =+H3-1 -> 6 | I21: =+I3-2 -> 4 | J21: =+J3-1 -> 5 | K21: =+K3-2 -> 4 | L21: =SUM(C21:K21) -> 38 | M21: =+M3-1 -> 5 | N21: =+N3-1 -> 4 | O21: =+O3-1 -> 5 | P21: =+P3-1 -> 5 | Q21: =+Q3-2 -> 3 | R21: =+R3-1 -> 3 | S21: =+S3-2 -> 4 | T21: =+T3-1 -> 3 | U21: =+U3-1 -> 4 | V21: =SUM(M21:U21) -> 36 | W21: =+V21+L21 -> 74 | X21: =(0.5*7)-(0.5*6) -> 0.5 | Y21: =(0.5*7)-(0.5*6) -> 0.5 | Z21: =(1*8)-(1*4) -> 4 | AA21: =SUM(X21:Z21) -> 5 | AB21: -0.1 | AC21: =SUM(AA21:AB21) -> 4.9 | AD21: -6.6 | AE21: =+AC21-AA21 -> -0.1
A22: 2 | B22: =+B4 -> Bernie Sullivan | C22: =+C4-1 -> 4 | D22: =+D4 -> 4 | E22: =+E4-1 -> 4 | F22: =+F4-1 -> 5 | G22: =+G4-1 -> 4 | H22: =+H4-1 -> 3 | I22: =+I4-1 -> 4 | J22: =+J4-1 -> 5 | K22: =+K4-1 -> 2 | L22: =SUM(C22:K22) -> 35 | M22: =+M4-1 -> 4 | N22: =+N4 -> 4 | O22: =+O4 -> 5 | P22: =+P4-1 -> 4 | Q22: =+Q4-1 -> 2 | R22: =+R4-1 -> 4 | S22: =+S4-1 -> 6 | T22: =+T4-1 -> 3 | U22: =+U4-1 -> 3 | V22: =SUM(M22:U22) -> 35 | W22: =+V22+L22 -> 70 | X22: =(0.5*9)-(0.5*4) -> 2.5 | Y22: =(0.5*9)-(0.5*3) -> 3 | Z22: =(1*12)-(1*2) -> 10 | AA22: =SUM(X22:Z22) -> 15.5 | AB22: 4.5 | AC22: =SUM(AA22:AB22) -> 20 | AD22: 7.5 | AE22: =+AC22-AA22 -> 4.5
A23: 3 | B23: =+B5 -> Joe McCardel | C23: =+C5-2 -> 5 | D23: =+D5-1 -> 6 | E23: =+E5-2 -> 5 | F23: =+F5-2 -> 5 | G23: =+G5-2 -> 4 | H23: =+H5-2 -> 5 | I23: =+I5-2 -> 4 | J23: =+J5-2 -> 5 | K23: =+K5-2 -> 3 | L23: =SUM(C23:K23) -> 42 | M23: =+M5-2 -> 5 | N23: =+N5-1 -> 4 | O23: =+O5-1 -> 5 | P23: =+P5-2 -> 6 | Q23: =+Q5-2 -> 2 | R23: =+R5-2 -> 3 | S23: =+S5-2 -> 3 | T23: =+T5-2 -> 3 | U23: =+U5-2 -> 3 | V23: =SUM(M23:U23) -> 34 | W23: =+V23+L23 -> 76 | X23: -6.5 | Y23: =(0.5*13)-(0.5*1) -> 6 | Z23: =(1*4)-(1*8) -> -4 | AA23: =SUM(X23:Z23) -> -4.5 | AB23: -3 | AC23: =SUM(AA23:AB23) -> -7.5 | AD23: -2.5 | AE23: =+AC23-AA23 -> -3
A24: 4 | B24: =+B6 -> Dave Brauer | C24: =+C6-1 -> 4 | D24: =+D6 -> 5 | E24: =+E6-1 -> 4 | F24: =+F6-1 -> 6 | G24: =+G6-1 -> 4 | H24: =+H6-1 -> 5 | I24: =+I6-1 -> 4 | J24: =+J6-1 -> 5 | K24: =+K6-1 -> 5 | L24: =SUM(C24:K24) -> 42 | M24: =+M6-1 -> 4 | N24: =+N6 -> 6 | O24: =+O6-1 -> 5 | P24: =+P6-1 -> 5 | Q24: =+Q6-1 -> 4 | R24: =+R6-1 -> 3 | S24: =+S6-1 -> 5 | T24: =+T6-1 -> 3 | U24: =+U6-1 -> 4 | V24: =SUM(M24:U24) -> 39 | W24: =+V24+L24 -> 81 | X24: -6.5 | Y24: =(0.5*2)-(0.5*10) -> -4 | Z24: -14 | AA24: =SUM(X24:Z24) -> -24.5 | AB24: -10.2 | AC24: =SUM(AA24:AB24) -> -34.7 | AD24: -21.7 | AE24: =+AC24-AA24 -> -10.2
A25: 5 | B25: =+B7 -> John Sullivan | C25: =+C7-1 -> 6 | D25: =+D7 -> 4 | E25: =+E7-1 -> 4 | F25: =+F7-1 -> 5 | G25: =+G7-1 -> 3 | H25: =+H7-1 -> 3 | I25: =+I7-1 -> 6 | J25: =+J7-1 -> 4 | K25: =+K7-1 -> 3 | L25: =SUM(C25:K25) -> 38 | M25: =+M7-1 -> 5 | N25: =+N7 -> 5 | O25: =+O7-1 -> 5 | P25: =+P7-1 -> 5 | Q25: =+Q7-1 -> 1 | R25: =+R7-1 -> 3 | S25: =+S7-1 -> 4 | T25: =+T7-1 -> 3 | U25: =+U7-1 -> 4 | V25: =SUM(M25:U25) -> 35 | W25: =+V25+L25 -> 73 | X25: =(0.5*7)-(0.5*6) -> 0.5 | Y25: =(0.5*9)-(0.5*3) -> 3 | Z25: =(1*10)-(1*4) -> 6 | AA25: =SUM(X25:Z25) -> 9.5 | AB25: 3.2 | AC25: =SUM(AA25:AB25) -> 12.7 | AD25: 13.7 | AE25: =+AC25-AA25 -> 3.2
A26: 6 | B26: =+B8 -> Ralph | C26: =+C8-1 -> 4 | D26: =+D8 -> 4 | E26: =+E8 -> 3 | F26: =+F8-1 -> 4 | G26: =+G8-1 -> 4 | H26: =+H8-1 -> 3 | I26: =+I8-1 -> 3 | J26: =+J8 -> 4 | K26: =+K8-1 -> 4 | L26: =SUM(C26:K26) -> 33 | M26: =+M8 -> 8 | N26: =+N8 -> 5 | O26: =+O8 -> 4 | P26: =+P8-1 -> 6 | Q26: =+Q8-1 -> 3 | R26: =+R8-1 -> 3 | S26: =+S8-1 -> 4 | T26: =+T8 -> 6 | U26: =+U8-1 -> 4 | V26: =SUM(M26:U26) -> 43 | W26: =+V26+L26 -> 76 | X26: =(0.5*13)-(0.5*0) -> 6.5 | Y26: -7 | Z26: =(1*4)-(1*8) -> -4 | AA26: =SUM(X26:Z26) -> -4.5 | AB26: 0.2 | AC26: =SUM(AA26:AB26) -> -4.3 | AD26: 16.7 | AE26: =+AC26-AA26 -> 0.2
A27: 7 | B27: =+B9 -> Leo | C27: =+C9-3 -> 3 | D27: =+D9-3 -> 7 | E27: =+E9-3 -> 8 | F27: =+F9-3 -> 5 | G27: =+G9-4 -> 4 | H27: =+H9-3 -> 5 | I27: =+I9-4 -> 4 | J27: =+J9-3 -> 2 | K27: =+K9-4 -> 2 | L27: =SUM(C27:K27) -> 40 | M27: =+M9-3 -> 6 | N27: =+N9-3 -> 7 | O27: =+O9-3 -> 2 | P27: =+P9-3 -> 8 | Q27: =+Q9-4 -> 3 | R27: =+R9-3 -> 3 | S27: =+S9-4 -> 3 | T27: =+T9-3 -> 3 | U27: =+U9-3 -> 3 | V27: =SUM(M27:U27) -> 38 | W27: =+V27+L27 -> 78 | X27: =(0.5*3)-(0.5*8) -> -2.5 | Y27: =(0.5*5)-(0.5*9) -> -2 | Z27: =(1*3)-(1*11) -> -8 | AA27: =SUM(X27:Z27) -> -12.5 | AB27: 0.2 | AC27: =SUM(AA27:AB27) -> -12.3 | AD27: 18.7 | AE27: =+AC27-AA27 -> 0.2
A28: 8 | B28: =+B10 -> Matt Lawrence | C28: =+C10-1 -> 5 | D28: =+D10-1 -> 3 | E28: =+E10-1 -> 3 | F28: =+F10-1 -> 5 | G28: =+G10-1 -> 4 | H28: =+H10-1 -> 3 | I28: =+I10-1 -> 3 | J28: =+J10-1 -> 3 | K28: =+K10-1 -> 4 | L28: =SUM(C28:K28) -> 33 | M28: =+M10-1 -> 4 | N28: =+N10-1 -> 5 | O28: =+O10-1 -> 4 | P28: =+P10-1 -> 3 | Q28: =+Q10-1 -> 2 | R28: =+R10-1 -> 3 | S28: =+S10-1 -> 3 | T28: =+T10-1 -> 4 | U28: =+U10-1 -> 4 | V28: =SUM(M28:U28) -> 32 | W28: =+V28+L28 -> 65 | X28: =(0.5*13)-(0.5*0) -> 6.5 | Y28: 7 | Z28: 13 | AA28: =SUM(X28:Z28) -> 26.5 | AB28: 7.2 | AC28: =SUM(AA28:AB28) -> 33.7 | AD28: 34.2 | AE28: =+AC28-AA28 -> 7.2
A29: 9 | B29: =+B11 -> Jerry Flynn | C29: =+C11-1 -> 5 | D29: =+D11-1 -> 5 | E29: =+E11-1 -> 5 | F29: =+F11-1 -> 7 | G29: =+G11-1 -> 3 | H29: =+H11-1 -> 4 | I29: =+I11-2 -> 3 | J29: =+J11-1 -> 4 | K29: =+K11-1 -> 4 | L29: =SUM(C29:K29) -> 40 | M29: =+M11-1 -> 4 | N29: =+N11-1 -> 5 | O29: =+O11-1 -> 4 | P29: =+P11-1 -> 6 | Q29: =+Q11-1 -> 3 | R29: =+R11-1 -> 3 | S29: =+S11-1 -> 4 | T29: =+T11-1 -> 3 | U29: =+U11-1 -> 4 | V29: =SUM(M29:U29) -> 36 | W29: =+V29+L29 -> 76 | X29: =(0.5*3)-(0.5*8) -> -2.5 | Y29: =(0.5*7)-(0.5*6) -> 0.5 | Z29: =(1*4)-(1*8) -> -4 | AA29: =SUM(X29:Z29) -> -6 | AB29: -0.1 | AC29: =SUM(AA29:AB29) -> -6.1 | AD29: -23.1 | AE29: =+AC29-AA29 -> -0.1
A30: 10 | B30: =+B12 -> Mike Flynn | C30: =+C12-1 -> 4 | D30: =+D12 -> 7 | E30: =+E12 -> 5 | F30: =+F12-1 -> 5 | G30: =+G12-1 -> 3 | H30: =+H12-1 -> 2 | I30: =+I12-1 -> 6 | J30: =+J12-1 -> 4 | K30: =+K12-1 -> 4 | L30: =SUM(C30:K30) -> 40 | M30: =+M12-1 -> 5 | N30: =+N12 -> 4 | O30: =+O12 -> 6 | P30: =+P12-1 -> 5 | Q30: =+Q12-1 -> 2 | R30: =+R12-1 -> 3 | S30: =+S12-1 -> 5 | T30: =+T12 -> 5 | U30: =+U12-1 -> 4 | V30: =SUM(M30:U30) -> 39 | W30: =+V30+L30 -> 79 | X30: =(0.5*3)-(0.5*8) -> -2.5 | Y30: =(0.5*2)-(0.5*10) -> -4 | Z30: =(1*2)-(1*12) -> -10 | AA30: =SUM(X30:Z30) -> -16.5 | AB30: -4.6 | AC30: =SUM(AA30:AB30) -> -21.1 | AD30: -21.6 | AE30: =+AC30-AA30 -> -4.6
A31: 11 | B31: =+B13 -> Kevin Fitzgerald | C31: =+C13-2 -> 4 | D31: =+D13-2 -> 7 | E31: =+E13-2 -> 8 | F31: =+F13-2 -> 4 | G31: =+G13-2 -> 2 | H31: =+H13-2 -> 4 | I31: =+I13-2 -> 4 | J31: =+J13-2 -> 4 | K31: =+K13-2 -> 4 | L31: =SUM(C31:K31) -> 41 | M31: =+M13-2 -> 3 | N31: =+N13-2 -> 4 | O31: =+O13-2 -> 3 | P31: =+P13-2 -> 8 | Q31: =+Q13-2 -> 4 | R31: =+R13-2 -> 6 | S31: =+S13-2 -> 5 | T31: =+T13-2 -> 2 | U31: =+U13-2 -> 4 | V31: =SUM(M31:U31) -> 39 | W31: =+V31+L31 -> 80 | X31: =(0.5*2)-(0.5*12) -> -5 | Y31: =(0.5*2)-(0.5*10) -> -4 | Z31: =(1*1)-(1*13) -> -12 | AA31: =SUM(X31:Z31) -> -21 | AB31: 1.6 | AC31: =SUM(AA31:AB31) -> -19.4 | AD31: -26.4 | AE31: =+AC31-AA31 -> 1.6
A32: 12 | B32: =+B14 -> Richard McGovern | C32: =+C14-1 -> 5 | D32: =+D14-1 -> 5 | E32: =+E14-1 -> 6 | F32: =+F14-2 -> 5 | G32: =+G14-2 -> 3 | H32: =+H14-2 -> 1 | I32: =+I14-2 -> 3 | J32: =+J14-1 -> 4 | K32: =+K14-2 -> 2 | L32: =SUM(C32:K32) -> 34 | M32: =+M14-1 -> 4 | N32: =+N14-1 -> 5 | O32: =+O14-1 -> 6 | P32: =+P14-2 -> 6 | Q32: =+Q14-2 -> 2 | R32: =+R14-2 -> 2 | S32: =+S14-2 -> 6 | T32: =+T14-1 -> 3 | U32: =+U14-2 -> 3 | V32: =SUM(M32:U32) -> 37 | W32: =+V32+L32 -> 71 | X32: =(0.5*11)-(0.5*2) -> 4.5 | Y32: =(0.5*6)-(0.5*8) -> -1 | Z32: =(1*11)-(1*3) -> 8 | AA32: =SUM(X32:Z32) -> 11.5 | AB32: -5.8 | AC32: =SUM(AA32:AB32) -> 5.7 | AD32: 0.7 | AE32: =+AC32-AA32 -> -5.8
A33: 13 | B33: =+B15 -> Richie Payne | C33: =+C15-2 -> 4 | D33: =+D15-1 -> 5 | E33: =+E15-1 -> 5 | F33: =+F15-2 -> 4 | G33: =+G15-2 -> 4 | H33: =+H15-2 -> 2 | I33: =+I15-2 -> 3 | J33: =+J15-2 -> 5 | K33: =+K15-2 -> 2 | L33: =SUM(C33:K33) -> 34 | M33: =+M15-2 -> 6 | N33: =+N15-1 -> 5 | O33: =+O15-1 -> 5 | P33: =+P15-2 -> 5 | Q33: =+Q15-2 -> 2 | R33: =+R15-2 -> 2 | S33: =+S15-2 -> 4 | T33: =+T15-1 -> 5 | U33: =+U15-2 -> 6 | V33: =SUM(M33:U33) -> 40 | W33: =+V33+L33 -> 74 | X33: =(0.5*11)-(0.5*2) -> 4.5 | Y33: =(0.5*1)-(0.5*15) -> -7 | Z33: =(1*8)-(1*4) -> 4 | AA33: =SUM(X33:Z33) -> 1.5 | AB33: 4 | AC33: =SUM(AA33:AB33) -> 5.5 | AD33: -4 | AE33: =+AC33-AA33 -> 4
A34: 14 | B34: =+B16 -> Ed Cox | C34: =+C16-3 -> 6 | D34: =+D16-3 -> 5 | E34: =+E16-3 -> 2 | F34: =+F16-3 -> 5 | G34: =+G16-3 -> 3 | H34: =+H16-3 -> 2 | I34: =+I16-3 -> 4 | J34: =+J16-3 -> 4 | K34: =+K16-3 -> 4 | L34: =SUM(C34:K34) -> 35 | M34: =+M16-3 -> 3 | N34: =+N16-3 -> 4 | O34: =+O16-3 -> 5 | P34: =+P16-3 -> 4 | Q34: =+Q16-3 -> 4 | R34: =+R16-3 -> 5 | S34: =+S16-3 -> 3 | T34: =+T16-3 -> 3 | U34: =+U16-3 -> 3 | V34: =SUM(M34:U34) -> 34 | W34: =+V34+L34 -> 69 | X34: =(0.5*9)-(0.5*4) -> 2.5 | Y34: =(0.5*13)-(0.5*1) -> 6 | Z34: 11 | AA34: =SUM(X34:Z34) -> 19.5 | AB34: 6.7 | AC34: =SUM(AA34:AB34) -> 26.2 | AD34: 21.2 | AE34: =+AC34-AA34 -> 6.7
A35: 15 | B35: =+B17 -> Jack Sullivan | C35: =+C17-1 -> 4 | D35: =+D17-1 -> 5 | E35: =+E17-1 -> 5 | F35: =+F17-2 -> 5 | G35: =+G17-2 -> 3 | H35: =+H17-2 -> 4 | I35: =+I17-2 -> 4 | J35: =+J17-1 -> 6 | K35: =+K17-2 -> 4 | L35: =SUM(C35:K35) -> 40 | M35: =+M17-1 -> 4 | N35: =+N17-1 -> 5 | O35: =+O17-1 -> 5 | P35: =+P17-2 -> 5 | Q35: =+Q17-2 -> 1 | R35: =+R17-1 -> 4 | S35: =+S17-2 -> 5 | T35: =+T17-1 -> 4 | U35: =+U17-2 -> 2 | V35: =SUM(M35:U35) -> 35 | W35: =+V35+L35 -> 75 | X35: =(0.5*3)-(0.5*8) -> -2.5 | Y35: =(0.5*9)-(0.5*3) -> 3 | Z35: =(1*7)-(1*7) -> 0 | AA35: =SUM(X35:Z35) -> 0.5 | AB35: -3.8 | AC35: =SUM(AA35:AB35) -> -3.3 | AD35: -6.8 | AE35: =+AC35-AA35 -> -3.8
B36: Wins | X36: =SUM(X21:X35) -> 0 | Y36: =SUM(Y21:Y35) -> 0 | Z36: =SUM(Z21:Z35) -> 0 | AA36: =SUM(AA21:AA35) -> 0 | AB36: =SUM(AB21:AB35) -> 0 | AC36: =SUM(AC21:AC35) -> 0
B37: =+B21 -> Dave Kizer | C37: 4 | D37: 10 | E37: 0 | F37: 1 | G37: 9 | H37: 5 | I37: 2 | J37: 6 | K37: 2 | M37: 11 | N37: 6 | O37: 1 | P37: 2 | Q37: 8 | R37: 8 | S37: 2 | T37: 9 | U37: 2
B38: =+B22 -> Bernie Sullivan | C38: 14 | D38: 6 | E38: 6 | F38: 0 | G38: 9 | H38: 1 | I38: 2 | J38: 6 | K38: 0 | M38: 6 | N38: 1 | O38: 10 | P38: 2 | Q38: 8 | R38: 2 | S38: 0 | T38: 4 | U38: 4
B39: =+B23 -> Joe McCardel | C39: 8 | D39: 0 | E39: 2 | F39: 1 | G39: 0 | H39: =+H37 -> 5 | I39: 2 | J39: 1 | K39: 10 | M39: 1 | N39: 1 | O39: 0 | P39: 2 | Q39: 0 | R39: 4 | S39: 2 | T39: 4 | U39: 2
B40: =+B24 -> Dave Brauer | C40: 8 | D40: 6 | E40: 2 | F40: 1 | G40: 3 | H40: 2 | I40: 9 | J40: 1 | K40: 2 | M40: =+M38 -> 6 | N40: 6 | O40: 6 | P40: 0 | Q40: 2 | R40: 4 | S40: 11 | T40: 9 | U40: 4
B41: =+B25 -> John Sullivan | C41: 8 | D41: 10 | E41: 6 | F41: 10 | G41: 9 | H41: 0 | I41: 2 | J41: 6 | K41: 10 | M41: =+M39 -> 1 | N41: 11 | O41: 6 | P41: 2 | Q41: 2 | R41: 4 | S41: 10 | T41: 4 | U41: 4
B42: =+B26 -> Ralph | C42: 8 | D42: 4 | E42: 2 | F42: 10 | G42: 3 | H42: =+H39 -> 5 | I42: 0 | J42: 6 | K42: 2 | M42: =+M40 -> 6 | N42: 0 | O42: 1 | P42: 2 | Q42: 2 | R42: 0 | S42: 0 | T42: 4 | U42: 1
B43: =+B27 -> Leo | C43: 15 | D43: 1 | E43: 6 | F43: 5 | G43: 1 | H43: 11 | I43: 0 | J43: 1 | K43: 2 | M43: 1 | N43: 6 | O43: 1 | P43: 2 | Q43: 2 | R43: 8 | S43: =+S37 -> 2 | T43: 1 | U43: 11
B44: =+B28 -> Matt Lawrence | C44: =+C42 -> 8 | D44: 6 | E44: 6 | F44: 5 | G44: 2 | H44: 2 | I44: 9 | J44: 1 | K44: 2 | M44: =+M42 -> 6 | N44: 6 | O44: 6 | P44: 2 | Q44: 0 | R44: 8 | S44: 2 | T44: 4 | U44: 4
B45: =+B29 -> Jerry Flynn | C45: =+C44 -> 8 | D45: 4 | E45: 0 | F45: 5 | G45: 3 | H45: =+H42 -> 5 | I45: 2 | J45: 6 | K45: 0 | M45: 0 | N45: 1 | O45: 1 | P45: 2 | Q45: 2 | R45: 8 | S45: 2 | T45: 1 | U45: 4
B46: =+B30 -> Mike Flynn | C46: 4 | D46: 6 | E46: 6 | F46: 5 | G46: 3 | H46: 9 | I46: 2 | J46: 1 | K46: 2 | M46: 1 | N46: 1 | O46: 6 | P46: 2 | Q46: 8 | R46: 8 | S46: 2 | T46: 1 | U46: 4
B47: =+B31 -> Kevin Fitzgerald | C47: 0 | D47: 1 | E47: 2 | F47: 1 | G47: 3 | H47: =+H40 -> 2 | I47: 2 | J47: 6 | K47: 2 | M47: =+M44 -> 6 | N47: 6 | O47: 10 | P47: 2 | Q47: 8 | R47: 0 | S47: 2 | T47: 9 | U47: 0
B48: =+B32 -> Richard McGovern | C48: 4 | D48: 1 | E48: 11 | F48: 5 | G48: 3 | H48: =+H46 -> 9 | I48: 9 | J48: 0 | K48: 2 | M48: 1 | N48: 1 | O48: 1 | P48: 0 | Q48: 2 | R48: 0 | S48: 2 | T48: 0 | U48: 4
B49: =+B33 -> Richie Payne | C49: 1 | D49: 14 | E49: 9 | F49: 2 | G49: 2
B50: =+B34 -> Ed Cox | C50: 1 | D50: 15 | E50: 0 | F50: 2 | G50: 2
B51: =+B35 -> Jack Sullivan | C51: 1 | D51: 1 | E51: 3 | F51: 2
C52: =SUM(C37:C51) -> 92 | D52: =SUM(D37:D51) -> 85 | E52: =SUM(E37:E51) -> 61 | F52: =SUM(F37:F51) -> 55 | G52: =SUM(G37:G51) -> 52 | H52: =SUM(H37:H51) -> 56 | I52: =SUM(I37:I51) -> 41 | J52: =SUM(J37:J51) -> 41 | K52: =SUM(K37:K51) -> 36 | M52: =SUM(M37:M51) -> 46 | N52: =SUM(N37:N51) -> 46 | O52: =SUM(O37:O51) -> 49 | P52: =SUM(P37:P51) -> 20 | Q52: =SUM(Q37:Q51) -> 44 | R52: =SUM(R37:R51) -> 54 | S52: =SUM(S37:S51) -> 37 | T52: =SUM(T37:T51) -> 50 | U52: =SUM(U37:U51) -> 44
B53: Lose
B54: =+B37 -> Dave Kizer | C54: -8 | D54: 0 | E54: -10 | F54: -7 | G54: 0 | H54: -3 | I54: -3 | J54: 0 | K54: -2 | M54: 0 | N54: -1 | O54: -6 | P54: 0 | Q54: 0 | R54: 0 | S54: -2 | T54: 0 | U54: -8
B55: =+B38 -> Bernie Sullivan | C55: -1 | D55: -2 | E55: -1 | F55: -11 | G55: 0 | H55: -10 | I55: -3 | J55: 0 | K55: -10 | M55: -1 | N55: -6 | O55: 0 | P55: 0 | Q55: 0 | R55: -9 | S55: -10 | T55: -3 | U55: -1
B56: =+B39 -> Joe McCardel | C56: -2 | D56: -11 | E56: -6 | F56: -7 | G56: -11 | H56: =+H54 -> -3 | I56: -3 | J56: -6 | K56: 0 | M56: -6 | N56: =+N55 -> -6 | O56: -11 | P56: 0 | Q56: -10 | R56: -4 | S56: -2 | T56: -3 | U56: -8
B57: =+B40 -> Dave Brauer | C57: -2 | D57: -2 | E57: -6 | F57: -7 | G57: -3 | H57: -7 | I57: 0 | J57: -6 | K57: -2 | M57: =+M55 -> -1 | N57: =+N54 -> -1 | O57: -2 | P57: -10 | Q57: -4 | R57: -4 | S57: 0 | T57: 0 | U57: -1
B58: =+B41 -> John Sullivan | C58: -2 | D58: 0 | E58: -1 | F58: 0 | G58: 0 | H58: -11 | I58: -3 | J58: 0 | K58: 0 | M58: =+M56 -> -6 | N58: 0 | O58: -2 | P58: 0 | Q58: -4 | R58: -4 | S58: -1 | T58: -3 | U58: -1
B59: =+B42 -> Ralph | C59: -2 | D59: -6 | E59: -6 | F59: 0 | G59: -3 | H59: =+H56 -> -3 | I59: -10 | J59: 0 | K59: -2 | M59: =+M55 -> -1 | N59: -11 | O59: -6 | P59: 0 | Q59: -4 | R59: -10 | S59: -10 | T59: -3 | U59: -10
B60: =+B43 -> Leo | C60: 0 | D60: -8 | E60: -1 | F60: -2 | G60: -10 | H60: 0 | I60: =+I59 -> -10 | J60: -6 | K60: -2 | M60: =+M56 -> -6 | N60: =+N54 -> -1 | O60: -6 | P60: 0 | Q60: -4 | R60: 0 | S60: -2 | T60: -8 | U60: 0
B61: =+B44 -> Matt Lawrence | C61: -4 | D61: -2 | E61: -1 | F61: -2 | G61: -9 | H61: =+H57 -> -7 | I61: 0 | J61: -6 | K61: -2 | M61: =+M55 -> -1 | N61: =+N60 -> -1 | O61: =+O58 -> -2 | P61: 0 | Q61: -10 | R61: 0 | S61: -2 | T61: -3 | U61: -1
B62: =+B45 -> Jerry Flynn | C62: -2 | D62: -6 | E62: -10 | F62: -2 | G62: -3 | H62: =+H59 -> -3 | I62: -3 | J62: 0 | K62: -10 | M62: -11 | N62: =+N55 -> -6 | O62: =+O54 -> -6 | P62: 0 | Q62: -4 | R62: 0 | S62: -2 | T62: -8 | U62: -1
B63: =+B46 -> Mike Flynn | C63: -8 | D63: -2 | E63: -1 | F63: -2 | G63: -3 | H63: -1 | I63: -3 | J63: -6 | K63: -2 | M63: =+M60 -> -6 | N63: =+N62 -> -6 | O63: =+O61 -> -2 | P63: 0 | Q63: 0 | R63: -4 | S63: -2 | T63: -8 | U63: -1
B64: =+B47 -> Kevin Fitzgerald | C64: -15 | D64: -8 | E64: -6 | F64: -7 | G64: -3 | H64: =+H57 -> -7 | I64: -3 | J64: 0 | K64: -2 | M64: =+M61 -> -1 | N64: =+N61 -> -1 | O64: 0 | P64: 0 | Q64: 0 | R64: -10 | S64: -2 | T64: 0 | U64: -11
B65: =+B48 -> Richard McGovern | C65: -8 | D65: -8 | E65: 0 | F65: -2 | G65: -3 | H65: =+H63 -> -1 | I65: 0 | J65: -11 | K65: -2 | M65: =+M63 -> -6 | N65: =+N63 -> -6 | O65: =+O60 -> -6 | P65: -10 | Q65: -4 | R65: -9 | S65: -2 | T65: -11 | U65: -1
B66: =+B49 -> Richie Payne | C66: -12
B67: =+B50 -> Ed Cox | C67: -12
B68: =+B51 -> Jack Sullivan | C68: -12
C69: =SUM(C54:C68) -> -90 | D69: =SUM(D54:D68) -> -55 | E69: =SUM(E54:E68) -> -49 | F69: =SUM(F54:F68) -> -49 | G69: =SUM(G54:G68) -> -48 | H69: =SUM(H54:H68) -> -56 | I69: =SUM(I54:I68) -> -41 | J69: =SUM(J54:J68) -> -41 | K69: =SUM(K54:K68) -> -36 | M69: =SUM(M54:M68) -> -46 | N69: =SUM(N54:N68) -> -46 | O69: =SUM(O54:O68) -> -49 | P69: =SUM(P54:P68) -> -20 | Q69: =SUM(Q54:Q68) -> -44 | R69: =SUM(R54:R68) -> -54 | S69: =SUM(S54:S68) -> -37 | T69: =SUM(T54:T68) -> -50 | U69: =SUM(U54:U68) -> -44
B70: Net | Y70: Front | Z70: Back | AA70: Total
B71: =+B54 -> Dave Kizer | C71: =+C37+C54 -> -4 | D71: =+D37+D54 -> 10 | E71: =+E37+E54 -> -10 | F71: =+F37+F54 -> -6 | G71: =+G37+G54 -> 9 | H71: =+H37+H54 -> 2 | I71: =+I37+I54 -> -1 | J71: =+J37+J54 -> 6 | K71: =+K37+K54 -> 0 | L71: =SUM(C71:K71) -> 6 | M71: =+M37+M54 -> 11 | N71: =+N37+N54 -> 5 | O71: =+O37+O54 -> -5 | P71: =+P37+P54 -> 2 | Q71: =+Q37+Q54 -> 8 | R71: =+R37+R54 -> 8 | S71: =+S37+S54 -> 0 | T71: =+T37+T54 -> 9 | U71: =+U37+U54 -> -6 | V71: =SUM(M71:U71) -> 32 | W71: =+V71+L71 -> 38 | X71: =+W71*0.3 -> 11.4 | Y71: =3.5-1.5 -> 2 | Z71: 5 | AA71: =10-1 -> 9 | AB71: =+X71+Y71+Z71+AA71 -> 27.4
B72: =+B55 -> Bernie Sullivan | C72: =+C38+C55 -> 13 | D72: =+D38+D55 -> 4 | E72: =+E38+E55 -> 5 | F72: =+F38+F55 -> -11 | G72: =+G38+G55 -> 9 | H72: =+H38+H55 -> -9 | I72: =+I38+I55 -> -1 | J72: =+J38+J55 -> 6 | K72: =+K38+K55 -> -10 | L72: =SUM(C72:K72) -> 6 | M72: =+M38+M55 -> 5 | N72: =+N38+N55 -> -5 | O72: =+O38+O55 -> 10 | P72: =+P38+P55 -> 2 | Q72: =+Q38+Q55 -> 8 | R72: =+R38+R55 -> -7 | S72: =+S38+S55 -> -10 | T72: =+T38+T55 -> 1 | U72: =+U38+U55 -> 3 | V72: =SUM(M72:U72) -> 7 | W72: =+V72+L72 -> 13 | X72: =+W72*0.3 -> 3.9 | Y72: =1-4 -> -3 | Z72: =3-2.5 -> 0.5 | AA72: =6-5 -> 1 | AB72: =+X72+Y72+Z72+AA72 -> 2.4
B73: =+B56 -> Joe McCardel | C73: =+C39+C56 -> 6 | D73: =+D39+D56 -> -11 | E73: =+E39+E56 -> -4 | F73: =+F39+F56 -> -6 | G73: =+G39+G56 -> -11 | H73: =+H39+H56 -> 2 | I73: =+I39+I56 -> -1 | J73: =+J39+J56 -> -5 | K73: =+K39+K56 -> 10 | L73: =SUM(C73:K73) -> -20 | M73: =+M39+M56 -> -5 | N73: =+N39+N56 -> -5 | O73: =+O39+O56 -> -11 | P73: =+P39+P56 -> 2 | Q73: =+Q39+Q56 -> -10 | R73: =+R39+R56 -> 0 | S73: =+S39+S56 -> 0 | T73: =+T39+T56 -> 1 | U73: =+U39+U56 -> -6 | V73: =SUM(M73:U73) -> -34 | W73: =+V73+L73 -> -54 | X73: =+W73*0.3 -> -16.2 | Y73: -5.5 | Z73: =1-4.5 -> -3.5 | AA73: -11 | AB73: =+X73+Y73+Z73+AA73 -> -36.2
B74: =+B57 -> Dave Brauer | C74: =+C40+C57 -> 6 | D74: =+D40+D57 -> 4 | E74: =+E40+E57 -> -4 | F74: =+F40+F57 -> -6 | G74: =+G40+G57 -> 0 | H74: =+H40+H57 -> -5 | I74: =+I40+I57 -> 9 | J74: =+J40+J57 -> -5 | K74: =+K40+K57 -> 0 | L74: =SUM(C74:K74) -> -1 | M74: =+M40+M57 -> 5 | N74: =+N40+N57 -> 5 | O74: =+O40+O57 -> 4 | P74: =+P40+P57 -> -10 | Q74: =+Q40+Q57 -> -2 | R74: =+R40+R57 -> 0 | S74: =+S40+S57 -> 11 | T74: =+T40+T57 -> 9 | U74: =+U40+U57 -> 3 | V74: =SUM(M74:U74) -> 25 | W74: =+V74+L74 -> 24 | X74: =+W74*0.3 -> 7.2 | Y74: 0 | Z74: =4.5-0.5 -> 4 | AA74: =7-3 -> 4 | AB74: =+X74+Y74+Z74+AA74 -> 15.2
B75: =+B58 -> John Sullivan | C75: =+C41+C58 -> 6 | D75: =+D41+D58 -> 10 | E75: =+E41+E58 -> 5 | F75: =+F41+F58 -> 10 | G75: =+G41+G58 -> 9 | H75: =+H41+H58 -> -11 | I75: =+I41+I58 -> -1 | J75: =+J41+J58 -> 6 | K75: =+K41+K58 -> 10 | L75: =SUM(C75:K75) -> 44 | M75: =+M41+M58 -> -5 | N75: =+N41+N58 -> 11 | O75: =+O41+O58 -> 4 | P75: =+P41+P58 -> 2 | Q75: =+Q41+Q58 -> -2 | R75: =+R41+R58 -> 0 | S75: =+S41+S58 -> 9 | T75: =+T41+T58 -> 1 | U75: =+U41+U58 -> 3 | V75: =SUM(M75:U75) -> 23 | W75: =+V75+L75 -> 67 | X75: =+W75*0.3 -> 20.1 | Y75: 5 | Z75: =+Z74 -> 4 | AA75: 11 | AB75: =+X75+Y75+Z75+AA75 -> 40.1
B76: =+B59 -> Ralph | C76: =+C42+C59 -> 6 | D76: =+D42+D59 -> -2 | E76: =+E42+E59 -> -4 | F76: =+F42+F59 -> 10 | G76: =+G42+G59 -> 0 | H76: =+H42+H59 -> 2 | I76: =+I42+I59 -> -10 | J76: =+J42+J59 -> 6 | K76: =+K42+K59 -> 0 | L76: =SUM(C76:K76) -> 8 | M76: =+M42+M59 -> 5 | N76: =+N42+N59 -> -11 | O76: =+O42+O59 -> -5 | P76: =+P42+P59 -> 2 | Q76: =+Q42+Q59 -> -2 | R76: =+R42+R59 -> -10 | S76: =+S42+S59 -> -10 | T76: =+T42+T59 -> 1 | U76: =+U42+U59 -> -9 | V76: =SUM(M76:U76) -> -39 | W76: =+V76+L76 -> -31 | X76: =+W76*0.3 -> -9.3 | Y76: 0 | Z76: -5 | AA76: =1-10 -> -9 | AB76: =+X76+Y76+Z76+AA76 -> -23.3
B77: =+B60 -> Leo | C77: =+C43+C60 -> 15 | D77: =+D43+D60 -> -7 | E77: =+E43+E60 -> 5 | F77: =+F43+F60 -> 3 | G77: =+G43+G60 -> -9 | H77: =+H43+H60 -> 11 | I77: =+I43+I60 -> -10 | J77: =+J43+J60 -> -5 | K77: =+K43+K60 -> 0 | L77: =SUM(C77:K77) -> 3 | M77: =+M43+M60 -> -5 | N77: =+N43+N60 -> 5 | O77: =+O43+O60 -> -5 | P77: =+P43+P60 -> 2 | Q77: =+Q43+Q60 -> -2 | R77: =+R43+R60 -> 8 | S77: =+S43+S60 -> 0 | T77: =+T43+T60 -> -7 | U77: =+U43+U60 -> 11 | V77: =SUM(M77:U77) -> 7 | W77: =+V77+L77 -> 10 | X77: =+W77*0.3 -> 3 | Y77: =0.5-5 -> -4.5 | Z77: =3.5-1.5 -> 2 | AA77: =4-6 -> -2 | AB77: =+X77+Y77+Z77+AA77 -> -1.5
B78: =+B61 -> Matt Lawrence | C78: =+C44+C61 -> 4 | D78: =+D44+D61 -> 4 | E78: =+E44+E61 -> 5 | F78: =+F44+F61 -> 3 | G78: =+G44+G61 -> -7 | H78: =+H44+H61 -> -5 | I78: =+I44+I61 -> 9 | J78: =+J44+J61 -> -5 | K78: =+K44+K61 -> 0 | L78: =SUM(C78:K78) -> 8 | M78: =+M44+M61 -> 5 | N78: =+N44+N61 -> 5 | O78: =+O44+O61 -> 4 | P78: =+P44+P61 -> 2 | Q78: =+Q44+Q61 -> -10 | R78: =+R44+R61 -> 8 | S78: =+S44+S61 -> 0 | T78: =+T44+T61 -> 1 | U78: =+U44+U61 -> 3 | V78: =SUM(M78:U78) -> 18 | W78: =+V78+L78 -> 26 | X78: =+W78*0.3 -> 7.8 | Y78: =3.5-1.5 -> 2 | Z78: =3.5-1.5 -> 2 | AA78: =+AA74 -> 4 | AB78: =+X78+Y78+Z78+AA78 -> 15.8
B79: =+B62 -> Jerry Flynn | C79: =+C45+C62 -> 6 | D79: =+D45+D62 -> -2 | E79: =+E45+E62 -> -10 | F79: =+F45+F62 -> 3 | G79: =+G45+G62 -> 0 | H79: =+H45+H62 -> 2 | I79: =+I45+I62 -> -1 | J79: =+J45+J62 -> 6 | K79: =+K45+K62 -> -10 | L79: =SUM(C79:K79) -> -6 | M79: =+M45+M62 -> -11 | N79: =+N45+N62 -> -5 | O79: =+O45+O62 -> -5 | P79: =+P45+P62 -> 2 | Q79: =+Q45+Q62 -> -2 | R79: =+R45+R62 -> 8 | S79: =+S45+S62 -> 0 | T79: =+T45+T62 -> -7 | U79: =+U45+U62 -> 3 | V79: =SUM(M79:U79) -> -17 | W79: =+V79+L79 -> -23 | X79: =+W79*0.3 -> -6.9 | Y79: =2-3.5 -> -1.5 | Z79: =1.5-4 -> -2.5 | AA79: =3-8 -> -5 | AB79: =+X79+Y79+Z79+AA79 -> -15.9
B80: =+B63 -> Mike Flynn | C80: =+C46+C63 -> -4 | D80: =+D46+D63 -> 4 | E80: =+E46+E63 -> 5 | F80: =+F46+F63 -> 3 | G80: =+G46+G63 -> 0 | H80: =+H46+H63 -> 8 | I80: =+I46+I63 -> -1 | J80: =+J46+J63 -> -5 | K80: =+K46+K63 -> 0 | L80: =SUM(C80:K80) -> 10 | M80: =+M46+M63 -> -5 | N80: =+N46+N63 -> -5 | O80: =+O46+O63 -> 4 | P80: =+P46+P63 -> 2 | Q80: =+Q46+Q63 -> 8 | R80: =+R46+R63 -> 4 | S80: =+S46+S63 -> 0 | T80: =+T46+T63 -> -7 | U80: =+U46+U63 -> 3 | V80: =SUM(M80:U80) -> 4 | W80: =+V80+L80 -> 14 | X80: =+W80*0.3 -> 4.2 | Y80: 5 | Z80: =2-3 -> -1 | AA80: =9-2 -> 7 | AB80: =+X80+Y80+Z80+AA80 -> 15.2
B81: =+B64 -> Kevin Fitzgerald | C81: =+C47+C64 -> -15 | D81: =+D47+D64 -> -7 | E81: =+E47+E64 -> -4 | F81: =+F47+F64 -> -6 | G81: =+G47+G64 -> 0 | H81: =+H47+H64 -> -5 | I81: =+I47+I64 -> -1 | J81: =+J47+J64 -> 6 | K81: =+K47+K64 -> 0 | L81: =SUM(C81:K81) -> -32 | M81: =+M47+M64 -> 5 | N81: =+N47+N64 -> 5 | O81: =+O47+O64 -> 10 | P81: =+P47+P64 -> 2 | Q81: =+Q47+Q64 -> 8 | R81: =+R47+R64 -> -10 | S81: =+S47+S64 -> 0 | T81: =+T47+T64 -> 9 | U81: =+U47+U64 -> -11 | V81: =SUM(M81:U81) -> 18 | W81: =+V81+L81 -> -14 | X81: =+W81*0.3 -> -4.2 | Y81: =1-4 -> -3 | Z81: =+Z80 -> -1 | AA81: =+AA77 -> -2 | AB81: =+X81+Y81+Z81+AA81 -> -10.2
B82: =+B65 -> Richard McGovern | C82: =+C48+C65 -> -4 | D82: =+D48+D65 -> -7 | E82: =+E48+E65 -> 11 | F82: =+F48+F65 -> 3 | G82: =+G48+G65 -> 0 | H82: =+H48+H65 -> 8 | I82: =+I48+I65 -> 9 | J82: =+J48+J65 -> -11 | K82: =+K48+K65 -> 0 | L82: =SUM(C82:K82) -> 9 | M82: =+M48+M65 -> -5 | N82: =+N48+N65 -> -5 | O82: =+O48+O65 -> -5 | P82: =+P48+P65 -> -10 | Q82: =+Q48+Q65 -> -2 | R82: =+R48+R65 -> -9 | S82: =+S48+S65 -> 0 | T82: =+T48+T65 -> -11 | U82: =+U48+U65 -> 3 | V82: =SUM(M82:U82) -> -44 | W82: =+V82+L82 -> -35 | X82: =+W82*0.3 -> -10.5 | Y82: =-1+4.5 -> 3.5 | Z82: =0.5-5 -> -4.5 | AA82: =2-9 -> -7 | AB82: =+X82+Y82+Z82+AA82 -> -18.5
B83: =+B66 -> Richie Payne | C83: =+C49+C66 -> -11 | D83: =+D49+D66 -> 14 | E83: =+E49+E66 -> 9 | F83: =+F49+F66 -> 2 | G83: =+G49+G66 -> 2 | H83: =+H49+H66 -> 0 | I83: =+I49+I66 -> 0 | J83: =+J49+J66 -> 0 | K83: =+K49+K66 -> 0 | L83: =SUM(C83:K83) -> 16 | M83: =+M49+M66 -> 0 | N83: =+N49+N66 -> 0 | O83: =+O49+O66 -> 0 | P83: =+P49+P66 -> 0 | Q83: =+Q49+Q66 -> 0 | R83: =+R49+R66 -> 0 | S83: =+S49+S66 -> 0 | T83: =+T49+T66 -> 0 | U83: =+U49+U66 -> 0 | V83: =SUM(M83:U83) -> 0 | W83: =+V83+L83 -> 16 | X83: =+W83*0.3 -> 4.8 | AB83: =+X83+Y83+Z83+AA83 -> 4.8
B84: =+B67 -> Ed Cox | C84: =+C50+C67 -> -11 | D84: =+D50+D67 -> 15 | E84: =+E50+E67 -> 0 | F84: =+F50+F67 -> 2 | G84: =+G50+G67 -> 2 | H84: =+H50+H67 -> 0 | I84: =+I50+I67 -> 0 | J84: =+J50+J67 -> 0 | K84: =+K50+K67 -> 0 | L84: =SUM(C84:K84) -> 8 | M84: =+M50+M67 -> 0 | N84: =+N50+N67 -> 0 | O84: =+O50+O67 -> 0 | P84: =+P50+P67 -> 0 | Q84: =+Q50+Q67 -> 0 | R84: =+R50+R67 -> 0 | S84: =+S50+S67 -> 0 | T84: =+T50+T67 -> 0 | U84: =+U50+U67 -> 0 | V84: =SUM(M84:U84) -> 0 | W84: =+V84+L84 -> 8 | X84: =+W84*0.3 -> 2.4 | AB84: =+X84+Y84+Z84+AA84 -> 2.4
B85: =+B68 -> Jack Sullivan | C85: =+C51+C68 -> -11 | D85: =+D51+D68 -> 1 | E85: =+E51+E68 -> 3 | F85: =+F51+F68 -> 2 | G85: =+G51+G68 -> 0 | H85: =+H51+H68 -> 0 | I85: =+I51+I68 -> 0 | J85: =+J51+J68 -> 0 | K85: =+K51+K68 -> 0 | L85: =SUM(C85:K85) -> -5 | M85: =+M51+M68 -> 0 | N85: =+N51+N68 -> 0 | O85: =+O51+O68 -> 0 | P85: =+P51+P68 -> 0 | Q85: =+Q51+Q68 -> 0 | R85: =+R51+R68 -> 0 | S85: =+S51+S68 -> 0 | T85: =+T51+T68 -> 0 | U85: =+U51+U68 -> 0 | V85: =SUM(M85:U85) -> 0 | W85: =+V85+L85 -> -5 | X85: =+W85*0.3 -> -1.5 | AB85: =+X85+Y85+Z85+AA85 -> -1.5
C86: =SUM(C71:C85) -> 2 | D86: =SUM(D71:D85) -> 30 | E86: =SUM(E71:E85) -> 12 | F86: =SUM(F71:F85) -> 6 | G86: =SUM(G71:G85) -> 4 | H86: =SUM(H71:H85) -> 0 | I86: =SUM(I71:I85) -> 0 | J86: =SUM(J71:J85) -> 0 | ... AB86: =SUM(AB71:AB85) -> 16.2

Sheet day 3
X1: Day 3 | Z1: Day 3 | AA1: 2020
B2: Name | C2: 1 | D2: 2 | E2: 3 | F2: 4 | G2: 5 | H2: 6 | I2: 7 | J2: 8 | K2: 9 | L2: Front | M2: 10 | N2: 11 | O2: 12 | P2: 13 | Q2: 14 | R2: 15 | S2: 16 | T2: 17 | U2: 18 | V2: Back | W2: Total | X2: HDCP | Z2: Net | AA2: HDCP
B3: Colin Sullivan | C3: 6 | D3: 5 | E3: 5 | F3: 7 | G3: 3 | H3: 4 | I3: 8 | J3: 5 | K3: 5 | L3: =SUM(C3:K3) -> 48 | M3: 6 | N3: 4 | O3: 6 | P3: 6 | Q3: 3 | R3: 4 | S3: 4 | T3: 5 | U3: 6 | V3: =SUM(M3:U3) -> 44 | W3: =+L3+V3 -> 92 | X3: 24 | Y3: =(+W3-70)*0.87 -> 19.14 | Z3: =+W3-X3 -> 68 | AA3: =(W3-70)*0.875 -> 19.25 | AB3: =+Z3+'day 1'!Z3 -> 136 | AC3: =+Z3+'day 2'!Z3+'day 1'!Z3 -> 209.51
B4: Bernie Sullivan | C4: 5 | D4: 8 | E4: 5 | F4: 6 | G4: 4 | H4: 4 | I4: 5 | J4: 5 | K4: 5 | L4: =SUM(C4:K4) -> 47 | M4: 5 | N4: 5 | O4: 6 | P4: 7 | Q4: 5 | R4: 6 | S4: 5 | T4: 5 | U4: 5 | V4: =SUM(M4:U4) -> 49 | W4: =+L4+V4 -> 96 | X4: 13 | Y4: =(+W4-70)*0.875 -> 22.75 | Z4: =+W4-X4 -> 83 | AA4: =(W4-70)*0.875 -> 22.75 | AB4: =+Z4+'day 1'!Z4 -> 146.25 | AC4: =+Z4+'day 2'!Z4+'day 1'!Z4 -> 217.25
B5: Joe McCardel | C5: 6 | D5: 9 | E5: 6 | F5: 8 | G5: 7 | H5: 6 | I5: 6 | J5: 6 | K5: 5 | L5: =SUM(C5:K5) -> 59 | M5: 5 | N5: 6 | O5: 5 | P5: 5 | Q5: 3 | R5: 5 | S5: 6 | T5: 6 | U5: 4 | V5: =SUM(M5:U5) -> 45 | W5: =+L5+V5 -> 104 | X5: 34 | Y5: =(+W5-70)*0.875 -> 29.75 | Z5: =+W5-X5 -> 70 | AA5: =(W5-70)*0.875 -> 29.75 | AB5: =+Z5+'day 1'!Z5 -> 145.25 | AC5: =+Z5+'day 2'!Z5+'day 1'!Z5 -> 223.625
B6: Dave Brauer | C6: 5 | D6: 5 | E6: 6 | F6: 7 | G6: 4 | H6: 4 | I6: 6 | J6: 5 | K6: 5 | L6: =SUM(C6:K6) -> 47 | M6: 6 | N6: 7 | O6: 5 | P6: 6 | Q6: 3 | R6: 4 | S6: 6 | T6: 5 | U6: 4 | V6: =SUM(M6:U6) -> 46 | W6: =+L6+V6 -> 93 | X6: 24 | Y6: =(+W6-70)*0.875 -> 20.125 | Z6: =+W6-X6 -> 69 | AA6: =(W6-70)*0.875 -> 20.125 | AB6: =+Z6+'day 1'!Z6 -> 136.875 | AC6: =+Z6+'day 2'!Z6+'day 1'!Z6 -> 218.125
B7: John Sullivan | C7: 5 | D7: 4 | E7: 5 | F7: 5 | G7: 3 | H7: 5 | I7: 5 | J7: 4 | K7: 6 | L7: =SUM(C7:K7) -> 42 | M7: 7 | N7: 5 | O7: 6 | P7: 6 | Q7: 3 | R7: 4 | S7: 6 | T7: 6 | U7: 6 | V7: =SUM(M7:U7) -> 49 | W7: =+L7+V7 -> 91 | X7: 17 | Y7: =(+W7-70)*0.875 -> 18.375 | Z7: =+W7-X7 -> 74 | AA7: =(W7-70)*0.875 -> 18.375 | AB7: =+Z7+'day 1'!Z7 -> 150.625 | AC7: =+Z7+'day 2'!Z7+'day 1'!Z7 -> 217.75
B8: Ralph | C8: 6 | D8: 4 | E8: 4 | F8: 8 | G8: 4 | H8: 5 | I8: 7 | J8: 6 | K8: 5 | L8: =SUM(C8:K8) -> 49 | M8: 5 | N8: 4 | O8: 7 | P8: 8 | Q8: 4 | R8: 6 | S8: 3 | T8: 6 | U8: 6 | V8: =SUM(M8:U8) -> 49 | W8: =+L8+V8 -> 98 | X8: 15 | Y8: =(+W8-70)*0.875 -> 24.5 | Z8: =+W8-X8 -> 83 | AA8: =(W8-70)*0.875 -> 24.5 | AB8: =+Z8+'day 1'!Z8 -> 141.5 | AC8: =+Z8+'day 2'!Z8+'day 1'!Z8 -> 217.125
B9: Leo | C9: 10 | D9: 8 | E9: 6 | F9: 8 | G9: 5 | H9: 5 | I9: 8 | J9: 7 | K9: 7 | L9: =SUM(C9:K9) -> 64 | M9: 8 | N9: 7 | O9: 11 | P9: 8 | Q9: 6 | R9: 6 | S9: 9 | T9: 9 | U9: 7 | V9: =SUM(M9:U9) -> 71 | W9: =+L9+V9 -> 135 | X9: =+'day 1'!AA9 -> 56.875 | Y9: =(+W9-70)*0.875 -> 56.875 | Z9: =+W9-X9 -> 78.125 | AA9: =(W9-70)*0.875 -> 56.875 | AB9: =+Z9+'day 1'!Z9 -> 156.25 | AC9: =+Z9+'day 2'!Z9+'day 1'!Z9 -> 236.375
B10: Matt Lawrence | C10: 6 | D10: 5 | E10: 5 | F10: 7 | G10: 3 | H10: 4 | I10: 5 | J10: 4 | K10: 5 | L10: =SUM(C10:K10) -> 44 | M10: 4 | N10: 5 | O10: 5 | P10: 6 | Q10: 5 | R10: 3 | S10: 5 | T10: 6 | U10: 4 | V10: =SUM(M10:U10) -> 43 | W10: =+L10+V10 -> 87 | X10: 11 | Y10: =(+W10-70)*0.875 -> 14.875 | Z10: =+W10-X10 -> 76 | AA10: =(W10-70)*0.875 -> 14.875 | AB10: =+Z10+'day 1'!Z10 -> 152.125 | AC10: =+Z10+'day 2'!Z10+'day 1'!Z10 -> 216.75
B11: Matt Brauer
B12: Jerry Flynn | C12: 6 | D12: 4 | E12: 6 | F12: 7 | G12: 3 | H12: 4 | I12: 6 | J12: 5 | K12: 4 | L12: =SUM(C12:K12) -> 45 | M12: 4 | N12: 5 | O12: 5 | P12: 6 | Q12: 3 | R12: 3 | S12: 6 | T12: 5 | U12: 6 | V12: =SUM(M12:U12) -> 43 | W12: =+L12+V12 -> 88 | X12: 22 | Y12: =(+W12-70)*0.875 -> 15.75 | Z12: =+W12-X12 -> 66 | AA12: =(W12-70)*0.875 -> 15.75 | AB12: =+Z12+'day 1'!Z11 -> 139.25 | AC12: =+Z12+'day 2'!Z11+'day 1'!Z11 -> 217.625
B13: Mike Flynn | C13: 5 | D13: 4 | E13: 5 | F13: 5 | G13: 3 | H13: 4 | I13: 5 | J13: 4 | K13: 5 | L13: =SUM(C13:K13) -> 40 | M13: 6 | N13: 5 | O13: 5 | P13: 6 | Q13: 3 | R13: 5 | S13: 4 | T13: 5 | U13: 6 | V13: =SUM(M13:U13) -> 45 | W13: =+L13+V13 -> 85 | X13: 19 | Y13: =(+W13-70)*0.875 -> 13.125 | Z13: =+W13-X13 -> 66 | AA13: =(W13-70)*0.875 -> 13.125 | AB13: =+Z13+'day 1'!Z12 -> 130.875 | AC13: =+Z13+'day 2'!Z12+'day 1'!Z12 -> 215.875
B14: Kevin Fitzgerald | C14: 7 | D14: 6 | E14: 6 | F14: 6 | G14: 4 | H14: 6 | I14: 8 | J14: 4 | K14: 5 | L14: =SUM(C14:K14) -> 52 | M14: 6 | N14: 5 | O14: 5 | P14: 7 | Q14: 4 | R14: 5 | S14: 4 | T14: 5 | U14: 6 | V14: =SUM(M14:U14) -> 47 | W14: =+L14+V14 -> 99 | X14: 40 | Y14: =(+W14-70)*0.875 -> 25.375 | Z14: =+W14-X14 -> 59 | AA14: =(W14-70)*0.875 -> 25.375 | AB14: =+Z14+'day 1'!Z14 -> 132.625 | AC14: =+Z14+'day 2'!Z13+'day 1'!Z14 -> 223.25
B15: Richard McGovern | C15: 7 | D15: 5 | E15: 7 | F15: 7 | G15: 5 | H15: 5 | I15: 6 | J15: 6 | K15: 5 | L15: =SUM(C15:K15) -> 53 | M15: 6 | N15: 7 | O15: 5 | P15: 6 | Q15: 4 | R15: 5 | S15: 6 | T15: 5 | U15: 5 | V15: =SUM(M15:U15) -> 49 | W15: =+L15+V15 -> 102 | X15: 25 | Y15: =(+W15-70)*0.875 -> 28 | Z15: =+W15-X15 -> 77 | AA15: =(W15-70)*0.875 -> 28 | AB15: =+Z15+'day 1'!Z15 -> 147 | AC15: =+Z15+'day 2'!Z14+'day 1'!Z15 -> 221.5
B16: Richie Payne | C16: 6 | D16: 7 | E16: 5 | F16: 6 | G16: 8 | H16: 6 | I16: 6 | J16: 5 | K16: 4 | L16: =SUM(C16:K16) -> 53 | M16: 4 | N16: 5 | O16: 6 | P16: 7 | Q16: 5 | R16: 7 | S16: 9 | T16: 5 | U16: 6 | V16: =SUM(M16:U16) -> 54 | W16: =+L16+V16 -> 107 | X16: 31 | Y16: =(+W16-70)*0.875 -> 32.375 | Z16: =+W16-X16 -> 76 | AA16: =(W16-70)*0.875 -> 32.375 | AB16: =+Z16+'day 1'!Z16 -> 145 | AC16: =+Z16+'day 2'!Z15+'day 1'!Z16 -> 238.625
B17: Ed Cox | C17: 9 | D17: 7 | E17: 9 | F17: 9 | G17: 5 | H17: 6 | I17: 6 | J17: 8 | K17: 8 | L17: =SUM(C17:K17) -> 67 | M17: 6 | N17: 7 | O17: 6 | P17: 7 | Q17: 4 | R17: 4 | S17: 6 | T17: 7 | U17: 8 | V17: =SUM(M17:U17) -> 55 | W17: =+L17+V17 -> 122 | X17: 46 | Y17: =(+W17-70)*0.875 -> 45.5 | Z17: =+W17-X17 -> 76 | AA17: =(W17-70)*0.875 -> 45.5 | AB17: =+Z17+'day 1'!Z17 -> 153 | AC17: =+Z17+'day 2'!Z16+'day 1'!Z17 -> 269.875
B18: Jack Sullivan | C18: 6 | D18: 6 | E18: 6 | F18: 6 | G18: 3 | H18: 7 | I18: 6 | J18: 4 | K18: 6 | L18: =SUM(C18:K18) -> 50 | M18: 6 | N18: 8 | O18: 8 | P18: 6 | Q18: 5 | R18: 6 | S18: 6 | T18: 5 | U18: 5 | V18: =SUM(M18:U18) -> 55 | W18: =+L18+V18 -> 105 | X18: 28 | Y18: =(+W18-70)*0.875 -> 30.625 | Z18: =+W18-X18 -> 77 | AA18: =(W18-70)*0.875 -> 30.625 | AB18: =+Z18+'day 1'!Z23 -> 155
B19: HDCP | C19: 11 | D19: 17 | E19: 15 | F19: 7 | G19: 3 | H19: 9 | I19: 1 | J19: 13 | K19: 5 | M19: 12 | N19: 18 | O19: 16 | P19: 8 | Q19: 6 | R19: 10 | S19: 2 | T19: 14 | U19: 6
B21: Net of HDCP
A22: 1 | B22: =+B3 -> Colin Sullivan | C22: =+C3-1 -> 5 | D22: =+D3-1 -> 4 | E22: =+E3-1 -> 4 | F22: =+F3-1 -> 6 | G22: =+G3-2 -> 1 | H22: =+H3-1 -> 3 | I22: =+I3-2 -> 6 | J22: =+J3-1 -> 4 | K22: =+K3-2 -> 3 | L22: =SUM(C22:K22) -> 36 | M22: =+M3-1 -> 5 | N22: =+N3-1 -> 3 | O22: =+O3-1 -> 5 | P22: =+P3-1 -> 5 | Q22: =+Q3-2 -> 1 | R22: =+R3-1 -> 3 | S22: =+S3-2 -> 2 | T22: =+T3-1 -> 4 | U22: =+U3-2 -> 4 | V22: =SUM(M22:U22) -> 32 | W22: =+V22+L22 -> 68 | X22: =(0.5*7)-(0.5*6) -> 0.5 | Y22: =(0.5*10)-(0.5*2) -> 4 | Z22: =(1*11)-(1*3) -> 8 | AA22: =SUM(X22:Z22) -> 12.5 | AB22: 4.5 | AC22: =SUM(AA22:AB22) -> 17
A23: 2 | B23: =+B4 -> Bernie Sullivan | C23: =+C4-1 -> 4 | D23: =+D4 -> 8 | E23: =+E4 -> 5 | F23: =+F4-1 -> 5 | G23: =+G4-1 -> 3 | H23: =+H4-1 -> 3 | I23: =+I4-1 -> 4 | J23: =+J4-1 -> 4 | K23: =+K4-1 -> 4 | L23: =SUM(C23:K23) -> 40 | M23: =+M4-1 -> 4 | N23: =+N4 -> 5 | O23: =+O4 -> 6 | P23: =+P4-1 -> 6 | Q23: =+Q4-1 -> 4 | R23: =+R4-1 -> 5 | S23: =+S4-1 -> 4 | T23: =+T4 -> 5 | U23: =+U4-1 -> 4 | V23: =SUM(M23:U23) -> 43 | W23: =+V23+L23 -> 83 | X23: =(0.5*3)-(0.5*10) -> -3.5 | Y23: -7 | Z23: =(1*0)-(1*13) -> -13 | AA23: =SUM(X23:Z23) -> -23.5 | AB23: -10 | AC23: =SUM(AA23:AB23) -> -33.5
A24: 3 | B24: =+B5 -> Joe McCardel | C24: =+C5-2 -> 4 | D24: =+D5-1 -> 8 | E24: =+E5-2 -> 4 | F24: =+F5-2 -> 6 | G24: =+G5-2 -> 5 | H24: =+H5-2 -> 4 | I24: =+I5-2 -> 4 | J24: =+J5-2 -> 4 | K24: =+K5-2 -> 3 | L24: =SUM(C24:K24) -> 42 | M24: =+M5-2 -> 3 | N24: =+N5-1 -> 5 | O24: =+O5-2 -> 3 | P24: =+P5-2 -> 3 | Q24: =+Q5-2 -> 1 | R24: =+R5-2 -> 3 | S24: =+S5-2 -> 4 | T24: =+T5-2 -> 4 | U24: =+U5-2 -> 2 | V24: =SUM(M24:U24) -> 28 | W24: =+V24+L24 -> 70 | X24: =(0.5*1)-(0.5*13) -> -6 | Y24: =(0.5*13)-(0.5*1) -> 6 | Z24: =(1*9)-(1*5) -> 4 | AA24: =SUM(X24:Z24) -> 4 | AB24: 5.1 | AC24: =SUM(AA24:AB24) -> 9.1
A25: 4 | B25: =+B6 -> Dave Brauer | C25: =+C6-1 -> 4 | D25: =+D6-1 -> 4 | E25: =+E6-1 -> 5 | F25: =+F6-1 -> 6 | G25: =+G6-2 -> 2 | H25: =+H6-1 -> 3 | I25: =+I6-2 -> 4 | J25: =+J6-1 -> 4 | K25: =+K6-2 -> 3 | L25: =SUM(C25:K25) -> 35 | M25: =+M6-1 -> 5 | N25: =+N6-1 -> 6 | O25: =+O6-1 -> 4 | P25: =+P6-1 -> 5 | Q25: =+Q6-2 -> 1 | R25: =+R6-1 -> 3 | S25: =+S6-2 -> 4 | T25: =+T6-1 -> 4 | U25: =+U6-2 -> 2 | V25: =SUM(M25:U25) -> 34 | W25: =+V25+L25 -> 69 | X25: =(0.5*9)-(0.5*5) -> 2 | Y25: =(0.5*9)-(0.5*5) -> 2 | Z25: =(1*10)-(1*4) -> 6 | AA25: =SUM(X25:Z25) -> 10 | AB25: 2.3 | AC25: =SUM(AA25:AB25) -> 12.3
A26: 5 | B26: =+B7 -> John Sullivan | C26: =+C7-1 -> 4 | D26: =+D7-1 -> 3 | E26: =+E7-1 -> 4 | F26: =+F7-1 -> 4 | G26: =+G7-1 -> 2 | H26: =+H7-1 -> 4 | I26: =+I7-1 -> 4 | J26: =+J7-1 -> 3 | K26: =+K7-1 -> 5 | L26: =SUM(C26:K26) -> 33 | M26: =+M7-1 -> 6 | N26: =+N7 -> 5 | O26: =+O7-1 -> 5 | P26: =+P7-1 -> 5 | Q26: =+Q7-1 -> 2 | R26: =+R7-1 -> 3 | S26: =+S7-1 -> 5 | T26: =+T7-1 -> 5 | U26: =+U7-1 -> 5 | V26: =SUM(M26:U26) -> 41 | W26: =+V26+L26 -> 74 | X26: =(0.5*12)-(0.5*2) -> 5 | Y26: =(0.5*3)-(0.5*10) -> -3.5 | Z26: =(1*8)-(1*6) -> 2 | AA26: =SUM(X26:Z26) -> 3.5 | AB26: -1.8 | AC26: =SUM(AA26:AB26) -> 1.7
A27: 6 | B27: =+B8 -> Ralph | C27: =+C8-1 -> 5 | D27: =+D8 -> 4 | E27: =+E8-1 -> 3 | F27: =+F8-1 -> 7 | G27: =+G8-1 -> 3 | H27: =+H8-1 -> 4 | I27: =+I8-1 -> 6 | J27: =+J8-1 -> 5 | K27: =+K8-1 -> 4 | L27: =SUM(C27:K27) -> 41 | M27: =+M8-1 -> 4 | N27: =+N8 -> 4 | O27: =+O8 -> 7 | P27: =+P8-1 -> 7 | Q27: =+Q8-1 -> 3 | R27: =+R8-1 -> 5 | S27: =+S8-1 -> 2 | T27: =+T8-1 -> 5 | U27: =+U8-1 -> 5 | V27: =SUM(M27:U27) -> 42 | W27: =+V27+L27 -> 83 | X27: =(0.5*2)-(0.5*12) -> -5 | Y27: =(0.5*1)-(0.5*12) -> -5.5 | Z27: =(1*0)-(1*13) -> -13 | AA27: =SUM(X27:Z27) -> -23.5 | AB27: -8.6 | AC27: =SUM(AA27:AB27) -> -32.1
A28: 7 | B28: =+B9 -> Leo | C28: =+C9-3 -> 7 | D28: =+D9-3 -> 5 | E28: =+E9-3 -> 3 | F28: =+F9-3 -> 5 | G28: =+G9-4 -> 1 | H28: =+H9-3 -> 2 | I28: =+I9-4 -> 4 | J28: =+J9-3 -> 4 | K28: =+K9-4 -> 3 | L28: =SUM(C28:K28) -> 34 | M28: =+M9-3 -> 5 | N28: =+N9-3 -> 4 | O28: =+O9-3 -> 8 | P28: =+P9-3 -> 5 | Q28: =+Q9-4 -> 2 | R28: =+R9-3 -> 3 | S28: =+S9-4 -> 5 | T28: =+T9-3 -> 6 | U28: =+U9-3 -> 4 | V28: =SUM(M28:U28) -> 42 | W28: =+V28+L28 -> 76 | X28: =(0.5*11)-(0.5*3) -> 4 | Y28: =(0.5*1)-(0.5*12) -> -5.5 | Z28: =(1*4)-(1*7) -> -3 | AA28: =SUM(X28:Z28) -> -4.5 | AB28: -1.4 | AC28: =SUM(AA28:AB28) -> -5.9
A29: 8 | B29: =+B10 -> Matt Lawrence | C29: =+C10-1 -> 5 | D29: =+D10 -> 5 | E29: =+E10 -> 5 | F29: =+F10-1 -> 6 | G29: =+G10-1 -> 2 | H29: =+H10-1 -> 3 | I29: =+I10-1 -> 4 | J29: =+J10 -> 4 | K29: =+K10-1 -> 4 | L29: =SUM(C29:K29) -> 38 | M29: =+M10 -> 4 | N29: =+N10 -> 5 | O29: =+O10 -> 5 | P29: =+P10-1 -> 5 | Q29: =+Q10-1 -> 4 | R29: =+R10-1 -> 2 | S29: =+S10-1 -> 4 | T29: =+T10 -> 6 | U29: =+U10-1 -> 3 | V29: =SUM(M29:U29) -> 38 | W29: =+V29+L29 -> 76 | X29: =(0.5*5)-(0.5*9) -> -2 | Y29: =(0.5*6)-(0.5*8) -> -1 | Z29: =(1*4)-(1*7) -> -3 | AA29: =SUM(X29:Z29) -> -6 | AB29: -8 | AC29: =SUM(AA29:AB29) -> -14
B30: =+B11 -> Matt Brauer
A31: 9 | B31: =+B12 -> Jerry Flynn | C31: =+C12-1 -> 5 | D31: =+D12-1 -> 3 | E31: =+E12-1 -> 5 | F31: =+F12-1 -> 6 | G31: =+G12-2 -> 1 | H31: =+H12-1 -> 3 | I31: =+I12-2 -> 4 | J31: =+J12-1 -> 4 | K31: =+K12-1 -> 3 | L31: =SUM(C31:K31) -> 34 | M31: =+M12-1 -> 3 | N31: =+N12-1 -> 4 | O31: =+O12-1 -> 4 | P31: =+P12-1 -> 5 | Q31: =+Q12-2 -> 1 | R31: =+R12-1 -> 2 | S31: =+S12-2 -> 4 | T31: =+T12-1 -> 4 | U31: =+U12-1 -> 5 | V31: =SUM(M31:U31) -> 32 | W31: =+V31+L31 -> 66 | X31: =(0.5*10)-(0.5*3) -> 3.5 | Y31: =(0.5*10)-(0.5*2) -> 4 | Z31: =(1*13)-(1*1) -> 12 | AA31: =SUM(X31:Z31) -> 19.5 | AB31: 9.1 | AC31: =SUM(AA31:AB31) -> 28.6
A32: 10 | B32: =+B13 -> Mike Flynn | C32: =+C13-1 -> 4 | D32: =+D13-1 -> 3 | E32: =+E13-1 -> 4 | F32: =+F13-1 -> 4 | G32: =+G13-1 -> 2 | H32: =+H13-1 -> 3 | I32: =+I13-2 -> 3 | J32: =+J13-1 -> 3 | K32: =+K13-1 -> 4 | L32: =SUM(C32:K32) -> 30 | M32: =+M13-1 -> 5 | N32: =+N13-1 -> 4 | O32: =+O13-1 -> 4 | P32: =+P13-1 -> 5 | Q32: =+Q13-1 -> 2 | R32: =+R13-1 -> 4 | S32: =+S13-1 -> 3 | T32: =+T13-1 -> 4 | U32: =+U13-1 -> 5 | V32: =SUM(M32:U32) -> 36 | W32: =+V32+L32 -> 66 | X32: 7 | Y32: =(0.5*8)-(0.5*6) -> 1 | Z32: =(1*13)-(1*1) -> 12 | AA32: =SUM(X32:Z32) -> 20 | AB32: 7.3 | AC32: =SUM(AA32:AB32) -> 27.3
A33: 11 | B33: =+B14 -> Kevin Fitzgerald | C33: =+C14-2 -> 5 | D33: =+D14-2 -> 4 | E33: =+E14-2 -> 4 | F33: =+F14-2 -> 4 | G33: =+G14-3 -> 1 | H33: =+H14-2 -> 4 | I33: =+I14-3 -> 5 | J33: =+J14-2 -> 2 | K33: =+K14-2 -> 3 | L33: =SUM(C33:K33) -> 32 | M33: =+M14-2 -> 4 | N33: =+N14-2 -> 3 | O33: =+O14-2 -> 3 | P33: =+P14-2 -> 5 | Q33: =+Q14-3 -> 1 | R33: =+R14-2 -> 3 | S33: =+S14-3 -> 1 | T33: =+T14-2 -> 3 | U33: =+U14-2 -> 4 | V33: =SUM(M33:U33) -> 27 | W33: =+V33+L33 -> 59 | X33: =(0.5*13)-(0.5*1) -> 6 | Y33: 7 | Z33: 14 | AA33: =SUM(X33:Z33) -> 27 | AB33: 12.4 | AC33: =SUM(AA33:AB33) -> 39.4
A34: 12 | B34: =+B15 -> Richard McGovern | C34: =+C15-1 -> 6 | D34: =+D15-1 -> 4 | E34: =+E15-1 -> 6 | F34: =+F15-2 -> 5 | G34: =+G15-2 -> 3 | H34: =+H15-1 -> 4 | I34: =+I15-2 -> 4 | J34: =+J15-1 -> 5 | K34: =+K15-2 -> 3 | L34: =SUM(C34:K34) -> 40 | M34: =+M15-1 -> 5 | N34: =+N15-1 -> 6 | O34: =+O15-1 -> 4 | P34: =+P15-1 -> 5 | Q34: =+Q15-2 -> 2 | R34: =+R15-1 -> 4 | S34: =+S15-2 -> 4 | T34: =+T15-1 -> 4 | U34: =+U15-2 -> 3 | V34: =SUM(M34:U34) -> 37 | W34: =+V34+L34 -> 77 | X34: =(0.5*3)-(0.5*11) -> -4 | Y34: =(0.5*7)-(0.5*7) -> 0 | Z34: -10 | AA34: =SUM(X34:Z34) -> -14 | AB34: -7.9 | AC34: =SUM(AA34:AB34) -> -21.9
A35: 13 | B35: =+B16 -> Richie Payne | C35: =+C16-2 -> 4 | D35: =+D16-1 -> 6 | E35: =+E16-1 -> 4 | F35: =+F16-2 -> 4 | G35: =+G16-2 -> 6 | H35: =+H16-2 -> 4 | I35: =+I16-2 -> 4 | J35: =+J16-2 -> 3 | K35: =+K16-2 -> 2 | L35: =SUM(C35:K35) -> 37 | M35: =+M16-2 -> 2 | N35: =+N16-1 -> 4 | O35: =+O16-1 -> 5 | P35: =+P16-2 -> 5 | Q35: =+Q16-2 -> 3 | R35: =+R16-2 -> 5 | S35: =+S16-2 -> 7 | T35: =+T16-1 -> 4 | U35: =+U16-2 -> 4 | V35: =SUM(M35:U35) -> 39 | W35: =+V35+L35 -> 76 | X35: =(0.5*6)-(0.5*8) -> -1 | Y35: =(0.5*5)-(0.5*9) -> -2 | Z35: =(1*4)-(1*7) -> -3 | AA35: =SUM(X35:Z35) -> -6 | AB35: 0.1 | AC35: =SUM(AA35:AB35) -> -5.9
A36: 14 | B36: =+B17 -> Ed Cox | C36: =+C17-3 -> 6 | D36: =+D17-2 -> 5 | E36: =+E17-2 -> 7 | F36: =+F17-3 -> 6 | G36: =+G17-3 -> 2 | H36: =+H17-2 -> 4 | I36: =+I17-3 -> 3 | J36: =+J17-2 -> 6 | K36: =+K17-3 -> 5 | L36: =SUM(C36:K36) -> 44 | M36: =+M17-2 -> 4 | N36: =+N17-2 -> 5 | O36: =+O17-2 -> 4 | P36: =+P17-3 -> 4 | Q36: =+Q17-3 -> 1 | R36: =+R17-3 -> 1 | S36: =+S17-3 -> 3 | T36: =+T17-2 -> 5 | U36: =+U17-3 -> 5 | V36: =SUM(M36:U36) -> 32 | W36: =+V36+L36 -> 76 | X36: -7 | Y36: =(0.5*10)-(0.5*2) -> 4 | Z36: =(1*4)-(1*7) -> -3 | AA36: =SUM(X36:Z36) -> -6 | AB36: -0.4 | AC36: =SUM(AA36:AB36) -> -6.4
A37: 15 | B37: =+B18 -> Jack Sullivan | C37: =+C18-1 -> 5 | D37: =+D18-1 -> 5 | E37: =+E18-1 -> 5 | F37: =+F18-2 -> 4 | G37: =+G18-2 -> 1 | H37: =+H18-2 -> 5 | I37: =+I18-2 -> 4 | J37: =+J18-1 -> 3 | K37: =+K18-2 -> 4 | L37: =SUM(C37:K37) -> 36 | M37: =+M18-1 -> 5 | N37: =+N18-1 -> 7 | O37: =+O18-1 -> 7 | P37: =+P18-2 -> 4 | Q37: =+Q18-2 -> 3 | R37: =+R18-2 -> 4 | S37: =+S18-2 -> 4 | T37: =+T18-1 -> 4 | U37: =+U18-2 -> 3 | V37: =SUM(M37:U37) -> 41 | W37: =+V37+L37 -> 77 | X37: =(0.5*7)-(0.5*6) -> 0.5 | Y37: =(0.5*3)-(0.5*10) -> -3.5 | Z37: -10 | AA37: =SUM(X37:Z37) -> -13 | AB37: -2.7 | AC37: =SUM(AA37:AB37) -> -15.7
B38: Wins | X38: =SUM(X22:X37) -> 0 | Y38: =SUM(Y22:Y37) -> 0 | Z38: =SUM(Z22:Z37) -> 0 | AA38: =SUM(AA22:AA37) -> 0 | AB38: =SUM(AB22:AB37) -> 0 | AC38: =SUM(AC22:AC37) -> 0
B39: =+B22 -> Colin Sullivan | C39: 4 | D39: 10 | E39: 0 | F39: 1 | G39: 9 | H39: 5 | I39: 2 | J39: 6 | K39: 2 | M39: 11 | N39: 6 | O39: 1 | P39: 2 | Q39: 8 | R39: 8 | S39: 2 | T39: 9 | U39: 2
B40: =+B23 -> Bernie Sullivan | C40: 14 | D40: 6 | E40: 6 | F40: 0 | G40: 9 | H40: 1 | I40: 2 | J40: 6 | K40: 0 | M40: 6 | N40: 1 | O40: 10 | P40: 2 | Q40: 8 | R40: 2 | S40: 0 | T40: 4 | U40: 4
B41: =+B24 -> Joe McCardel | C41: 8 | D41: 0 | E41: 2 | F41: 1 | G41: 0 | H41: =+H39 -> 5 | I41: 2 | J41: 1 | K41: 10 | M41: 1 | N41: 1 | O41: 0 | P41: 2 | Q41: 0 | R41: 4 | S41: 2 | T41: 4 | U41: 2
B42: =+B25 -> Dave Brauer | C42: 8 | D42: 6 | E42: 2 | F42: 1 | G42: 3 | H42: 2 | I42: 9 | J42: 1 | K42: 2 | M42: =+M40 -> 6 | N42: 6 | O42: 6 | P42: 0 | Q42: 2 | R42: 4 | S42: 11 | T42: 9 | U42: 4
B43: =+B26 -> John Sullivan | C43: 8 | D43: 10 | E43: 6 | F43: 10 | G43: 9 | H43: 0 | I43: 2 | J43: 6 | K43: 10 | M43: =+M41 -> 1 | N43: 11 | O43: 6 | P43: 2 | Q43: 2 | R43: 4 | S43: 10 | T43: 4 | U43: 4
B44: =+B27 -> Ralph | C44: 8 | D44: 4 | E44: 2 | F44: 10 | G44: 3 | H44: =+H41 -> 5 | I44: 0 | J44: 6 | K44: 2 | M44: =+M42 -> 6 | N44: 0 | O44: 1 | P44: 2 | Q44: 2 | R44: 0 | S44: 0 | T44: 4 | U44: 1
B45: =+B28 -> Leo | C45: 15 | D45: 1 | E45: 6 | F45: 5 | G45: 1 | H45: 11 | I45: 0 | J45: 1 | K45: 2 | M45: 1 | N45: 6 | O45: 1 | P45: 2 | Q45: 2 | R45: 8 | S45: =+S39 -> 2 | T45: 1 | U45: 11
B46: =+B29 -> Matt Lawrence | C46: =+C44 -> 8 | D46: 6 | E46: 6 | F46: 5 | G46: 2 | H46: 2 | I46: 9 | J46: 1 | K46: 2 | M46: =+M44 -> 6 | N46: 6 | O46: 6 | P46: 2 | Q46: 0 | R46: 8 | S46: 2 | T46: 4 | U46: 4
B47: =+B30 -> Matt Brauer | C47: =+C45 -> 15 | D47: 6 | E47: 6 | F47: 5 | G47: 2 | H47: 2 | I47: 9 | J47: 1 | K47: 2 | M47: =+M45 -> 1 | N47: 6 | O47: 6 | P47: 2 | Q47: 0 | R47: 8 | S47: 2 | T47: 4 | U47: 4
B48: =+B31 -> Jerry Flynn | C48: =+C46 -> 8 | D48: 4 | E48: 0 | F48: 5 | G48: 3 | H48: =+H44 -> 5 | I48: 2 | J48: 6 | K48: 0 | M48: 0 | N48: 1 | O48: 1 | P48: 2 | Q48: 2 | R48: 8 | S48: 2 | T48: 1 | U48: 4
B49: =+B32 -> Mike Flynn | C49: 4 | D49: 6 | E49: 6 | F49: 5 | G49: 3 | H49: 9 | I49: 2 | J49: 1 | K49: 2 | M49: 1 | N49: 1 | O49: 6 | P49: 2 | Q49: 8 | R49: 8 | S49: 2 | T49: 1 | U49: 4
B50: =+B33 -> Kevin Fitzgerald | C50: 0 | D50: 1 | E50: 2 | F50: 1 | G50: 3 | H50: =+H42 -> 2 | I50: 2 | J50: 6 | K50: 2 | M50: =+M46 -> 6 | N50: 6 | O50: 10 | P50: 2 | Q50: 8 | R50: 0 | S50: 2 | T50: 9 | U50: 0
B51: =+B34 -> Richard McGovern | C51: 4 | D51: 1 | E51: 11 | F51: 5 | G51: 3 | H51: =+H49 -> 9 | I51: 9 | J51: 0 | K51: 2 | M51: 1 | N51: 1 | O51: 1 | P51: 0 | Q51: 2 | R51: 0 | S51: 2 | T51: 0 | U51: 4
B52: =+B35 -> Richie Payne | C52: 1 | D52: 14 | E52: 9 | F52: 2 | G52: 2
B53: =+B36 -> Ed Cox | C53: 1 | D53: 15 | E53: 0 | F53: 2 | G53: 2
B54: =+B37 -> Jack Sullivan | C54: 1 | D54: 1 | E54: 3 | F54: 2
C55: =SUM(C39:C54) -> 107 | D55: =SUM(D39:D54) -> 91 | E55: =SUM(E39:E54) -> 67 | F55: =SUM(F39:F54) -> 60 | G55: =SUM(G39:G54) -> 54 | H55: =SUM(H39:H54) -> 58 | I55: =SUM(I39:I54) -> 50 | J55: =SUM(J39:J54) -> 42 | K55: =SUM(K39:K54) -> 38 | M55: =SUM(M39:M54) -> 47 | N55: =SUM(N39:N54) -> 52 | O55: =SUM(O39:O54) -> 55 | P55: =SUM(P39:P54) -> 22 | Q55: =SUM(Q39:Q54) -> 44 | R55: =SUM(R39:R54) -> 62 | S55: =SUM(S39:S54) -> 39 | T55: =SUM(T39:T54) -> 54 | U55: =SUM(U39:U54) -> 48
B56: Lose
B57: =+B39 -> Colin Sullivan | C57: -8 | D57: 0 | E57: -10 | F57: -7 | G57: 0 | H57: -3 | I57: -3 | J57: 0 | K57: -2 | M57: 0 | N57: -1 | O57: -6 | P57: 0 | Q57: 0 | R57: 0 | S57: -2 | T57: 0 | U57: -8
B58: =+B40 -> Bernie Sullivan | C58: -1 | D58: -2 | E58: -1 | F58: -11 | G58: 0 | H58: -10 | I58: -3 | J58: 0 | K58: -10 | M58: -1 | N58: -6 | O58: 0 | P58: 0 | Q58: 0 | R58: -9 | S58: -10 | T58: -3 | U58: -1
B59: =+B41 -> Joe McCardel | C59: -2 | D59: -11 | E59: -6 | F59: -7 | G59: -11 | H59: =+H57 -> -3 | I59: -3 | J59: -6 | K59: 0 | M59: -6 | N59: =+N58 -> -6 | O59: -11 | P59: 0 | Q59: -10 | R59: -4 | S59: -2 | T59: -3 | U59: -8
B60: =+B42 -> Dave Brauer | C60: -2 | D60: -2 | E60: -6 | F60: -7 | G60: -3 | H60: -7 | I60: 0 | J60: -6 | K60: -2 | M60: =+M58 -> -1 | N60: =+N57 -> -1 | O60: -2 | P60: -10 | Q60: -4 | R60: -4 | S60: 0 | T60: 0 | U60: -1
B61: =+B43 -> John Sullivan | C61: -2 | D61: 0 | E61: -1 | F61: 0 | G61: 0 | H61: -11 | I61: -3 | J61: 0 | K61: 0 | M61: =+M59 -> -6 | N61: 0 | O61: -2 | P61: 0 | Q61: -4 | R61: -4 | S61: -1 | T61: -3 | U61: -1
B62: =+B44 -> Ralph | C62: -2 | D62: -6 | E62: -6 | F62: 0 | G62: -3 | H62: =+H59 -> -3 | I62: -10 | J62: 0 | K62: -2 | M62: =+M58 -> -1 | N62: -11 | O62: -6 | P62: 0 | Q62: -4 | R62: -10 | S62: -10 | T62: -3 | U62: -10
B63: =+B45 -> Leo | C63: 0 | D63: -8 | E63: -1 | F63: -2 | G63: -10 | H63: 0 | I63: =+I62 -> -10 | J63: -6 | K63: -2 | M63: =+M59 -> -6 | N63: =+N57 -> -1 | O63: -6 | P63: 0 | Q63: -4 | R63: 0 | S63: -2 | T63: -8 | U63: 0
B64: =+B46 -> Matt Lawrence | C64: -4 | D64: -2 | E64: -1 | F64: -2 | G64: -9 | H64: =+H60 -> -7 | I64: 0 | J64: -6 | K64: -2 | M64: =+M58 -> -1 | N64: =+N63 -> -1 | O64: =+O61 -> -2 | P64: 0 | Q64: -10 | R64: 0 | S64: -2 | T64: -3 | U64: -1
B65: =+B47 -> Matt Brauer
B66: =+B48 -> Jerry Flynn | C66: -2 | D66: -6 | E66: -10 | F66: -2 | G66: -3 | H66: =+H62 -> -3 | I66: -3 | J66: 0 | K66: -10 | M66: -11 | N66: =+N58 -> -6 | O66: =+O57 -> -6 | P66: 0 | Q66: -4 | R66: 0 | S66: -2 | T66: -8 | U66: -1
B67: =+B49 -> Mike Flynn | C67: -8 | D67: -2 | E67: -1 | F67: -2 | G67: -3 | H67: -1 | I67: -3 | J67: -6 | K67: -2 | M67: =+M63 -> -6 | N67: =+N66 -> -6 | O67: =+O64 -> -2 | P67: 0 | Q67: 0 | R67: -4 | S67: -2 | T67: -8 | U67: -1
B68: =+B50 -> Kevin Fitzgerald | C68: -15 | D68: -8 | E68: -6 | F68: -7 | G68: -3 | H68: =+H60 -> -7 | I68: -3 | J68: 0 | K68: -2 | M68: =+M64 -> -1 | N68: =+N64 -> -1 | O68: 0 | P68: 0 | Q68: 0 | R68: -10 | S68: -2 | T68: 0 | U68: -11
B69: =+B51 -> Richard McGovern | C69: -8 | D69: -8 | E69: 0 | F69: -2 | G69: -3 | H69: =+H67 -> -1 | I69: 0 | J69: -11 | K69: -2 | M69: =+M67 -> -6 | N69: =+N67 -> -6 | O69: =+O63 -> -6 | P69: -10 | Q69: -4 | R69: -9 | S69: -2 | T69: -11 | U69: -1
B70: =+B52 -> Richie Payne | C70: -12
B71: =+B53 -> Ed Cox | C71: -12
B72: =+B54 -> Jack Sullivan | C72: -12
C73: =SUM(C57:C72) -> -90 | D73: =SUM(D57:D72) -> -55 | E73: =SUM(E57:E72) -> -49 | F73: =SUM(F57:F72) -> -49 | G73: =SUM(G57:G72) -> -48 | H73: =SUM(H57:H72) -> -56 | I73: =SUM(I57:I72) -> -41 | J73: =SUM(J57:J72) -> -41 | K73: =SUM(K57:K72) -> -36 | M73: =SUM(M57:M72) -> -46 | N73: =SUM(N57:N72) -> -46 | O73: =SUM(O57:O72) -> -49 | P73: =SUM(P57:P72) -> -20 | Q73: =SUM(Q57:Q72) -> -44 | R73: =SUM(R57:R72) -> -54 | S73: =SUM(S57:S72) -> -37 | T73: =SUM(T57:T72) -> -50 | U73: =SUM(U57:U72) -> -44
B74: Net | Y74: Front | Z74: Back | AA74: Total
B75: =+B57 -> Colin Sullivan | C75: =+C39+C57 -> -4 | D75: =+D39+D57 -> 10 | E75: =+E39+E57 -> -10 | F75: =+F39+F57 -> -6 | G75: =+G39+G57 -> 9 | H75: =+H39+H57 -> 2 | I75: =+I39+I57 -> -1 | J75: =+J39+J57 -> 6 | K75: =+K39+K57 -> 0 | L75: =SUM(C75:K75) -> 6 | M75: =+M39+M57 -> 11 | N75: =+N39+N57 -> 5 | O75: =+O39+O57 -> -5 | P75: =+P39+P57 -> 2 | Q75: =+Q39+Q57 -> 8 | R75: =+R39+R57 -> 8 | S75: =+S39+S57 -> 0 | T75: =+T39+T57 -> 9 | U75: =+U39+U57 -> -6 | V75: =SUM(M75:U75) -> 32 | W75: =+V75+L75 -> 38 | X75: =+W75*0.3 -> 11.4 | Y75: =3.5-1.5 -> 2 | Z75: 5 | AA75: =10-1 -> 9 | AB75: =+X75+Y75+Z75+AA75 -> 27.4
B76: =+B58 -> Bernie Sullivan | C76: =+C40+C58 -> 13 | D76: =+D40+D58 -> 4 | E76: =+E40+E58 -> 5 | F76: =+F40+F58 -> -11 | G76: =+G40+G58 -> 9 | H76: =+H40+H58 -> -9 | I76: =+I40+I58 -> -1 | J76: =+J40+J58 -> 6 | K76: =+K40+K58 -> -10 | L76: =SUM(C76:K76) -> 6 | M76: =+M40+M58 -> 5 | N76: =+N40+N58 -> -5 | O76: =+O40+O58 -> 10 | P76: =+P40+P58 -> 2 | Q76: =+Q40+Q58 -> 8 | R76: =+R40+R58 -> -7 | S76: =+S40+S58 -> -10 | T76: =+T40+T58 -> 1 | U76: =+U40+U58 -> 3 | V76: =SUM(M76:U76) -> 7 | W76: =+V76+L76 -> 13 | X76: =+W76*0.3 -> 3.9 | Y76: =1-4 -> -3 | Z76: =3-2.5 -> 0.5 | AA76: =6-5 -> 1 | AB76: =+X76+Y76+Z76+AA76 -> 2.4
B77: =+B59 -> Joe McCardel | C77: =+C41+C59 -> 6 | D77: =+D41+D59 -> -11 | E77: =+E41+E59 -> -4 | F77: =+F41+F59 -> -6 | G77: =+G41+G59 -> -11 | H77: =+H41+H59 -> 2 | I77: =+I41+I59 -> -1 | J77: =+J41+J59 -> -5 | K77: =+K41+K59 -> 10 | L77: =SUM(C77:K77) -> -20 | M77: =+M41+M59 -> -5 | N77: =+N41+N59 -> -5 | O77: =+O41+O59 -> -11 | P77: =+P41+P59 -> 2 | Q77: =+Q41+Q59 -> -10 | R77: =+R41+R59 -> 0 | S77: =+S41+S59 -> 0 | T77: =+T41+T59 -> 1 | U77: =+U41+U59 -> -6 | V77: =SUM(M77:U77) -> -34 | W77: =+V77+L77 -> -54 | X77: =+W77*0.3 -> -16.2 | Y77: -5.5 | Z77: =1-4.5 -> -3.5 | AA77: -11 | AB77: =+X77+Y77+Z77+AA77 -> -36.2
B78: =+B60 -> Dave Brauer | C78: =+C42+C60 -> 6 | D78: =+D42+D60 -> 4 | E78: =+E42+E60 -> -4 | F78: =+F42+F60 -> -6 | G78: =+G42+G60 -> 0 | H78: =+H42+H60 -> -5 | I78: =+I42+I60 -> 9 | J78: =+J42+J60 -> -5 | K78: =+K42+K60 -> 0 | L78: =SUM(C78:K78) -> -1 | M78: =+M42+M60 -> 5 | N78: =+N42+N60 -> 5 | O78: =+O42+O60 -> 4 | P78: =+P42+P60 -> -10 | Q78: =+Q42+Q60 -> -2 | R78: =+R42+R60 -> 0 | S78: =+S42+S60 -> 11 | T78: =+T42+T60 -> 9 | U78: =+U42+U60 -> 3 | V78: =SUM(M78:U78) -> 25 | W78: =+V78+L78 -> 24 | X78: =+W78*0.3 -> 7.2 | Y78: 0 | Z78: =4.5-0.5 -> 4 | AA78: =7-3 -> 4 | AB78: =+X78+Y78+Z78+AA78 -> 15.2
B79: =+B61 -> John Sullivan | C79: =+C43+C61 -> 6 | D79: =+D43+D61 -> 10 | E79: =+E43+E61 -> 5 | F79: =+F43+F61 -> 10 | G79: =+G43+G61 -> 9 | H79: =+H43+H61 -> -11 | I79: =+I43+I61 -> -1 | J79: =+J43+J61 -> 6 | K79: =+K43+K61 -> 10 | L79: =SUM(C79:K79) -> 44 | M79: =+M43+M61 -> -5 | N79: =+N43+N61 -> 11 | O79: =+O43+O61 -> 4 | P79: =+P43+P61 -> 2 | Q79: =+Q43+Q61 -> -2 | R79: =+R43+R61 -> 0 | S79: =+S43+S61 -> 9 | T79: =+T43+T61 -> 1 | U79: =+U43+U61 -> 3 | V79: =SUM(M79:U79) -> 23 | W79: =+V79+L79 -> 67 | X79: =+W79*0.3 -> 20.1 | Y79: 5 | Z79: =+Z78 -> 4 | AA79: 11 | AB79: =+X79+Y79+Z79+AA79 -> 40.1
B80: =+B62 -> Ralph | C80: =+C44+C62 -> 6 | D80: =+D44+D62 -> -2 | E80: =+E44+E62 -> -4 | F80: =+F44+F62 -> 10 | G80: =+G44+G62 -> 0 | H80: =+H44+H62 -> 2 | I80: =+I44+I62 -> -10 | J80: =+J44+J62 -> 6 | K80: =+K44+K62 -> 0 | L80: =SUM(C80:K80) -> 8 | M80: =+M44+M62 -> 5 | N80: =+N44+N62 -> -11 | O80: =+O44+O62 -> -5 | P80: =+P44+P62 -> 2 | Q80: =+Q44+Q62 -> -2 | R80: =+R44+R62 -> -10 | S80: =+S44+S62 -> -10 | T80: =+T44+T62 -> 1 | U80: =+U44+U62 -> -9 | V80: =SUM(M80:U80) -> -39 | W80: =+V80+L80 -> -31 | X80: =+W80*0.3 -> -9.3 | Y80: 0 | Z80: -5 | AA80: =1-10 -> -9 | AB80: =+X80+Y80+Z80+AA80 -> -23.3
B81: =+B63 -> Leo | C81: =+C45+C63 -> 15 | D81: =+D45+D63 -> -7 | E81: =+E45+E63 -> 5 | F81: =+F45+F63 -> 3 | G81: =+G45+G63 -> -9 | H81: =+H45+H63 -> 11 | I81: =+I45+I63 -> -10 | J81: =+J45+J63 -> -5 | K81: =+K45+K63 -> 0 | L81: =SUM(C81:K81) -> 3 | M81: =+M45+M63 -> -5 | N81: =+N45+N63 -> 5 | O81: =+O45+O63 -> -5 | P81: =+P45+P63 -> 2 | Q81: =+Q45+Q63 -> -2 | R81: =+R45+R63 -> 8 | S81: =+S45+S63 -> 0 | T81: =+T45+T63 -> -7 | U81: =+U45+U63 -> 11 | V81: =SUM(M81:U81) -> 7 | W81: =+V81+L81 -> 10 | X81: =+W81*0.3 -> 3 | Y81: =0.5-5 -> -4.5 | Z81: =3.5-1.5 -> 2 | AA81: =4-6 -> -2 | AB81: =+X81+Y81+Z81+AA81 -> -1.5
B82: =+B64 -> Matt Lawrence | C82: =+C46+C64 -> 4 | D82: =+D46+D64 -> 4 | E82: =+E46+E64 -> 5 | F82: =+F46+F64 -> 3 | G82: =+G46+G64 -> -7 | H82: =+H46+H64 -> -5 | I82: =+I46+I64 -> 9 | J82: =+J46+J64 -> -5 | K82: =+K46+K64 -> 0 | L82: =SUM(C82:K82) -> 8 | M82: =+M46+M64 -> 5 | N82: =+N46+N64 -> 5 | O82: =+O46+O64 -> 4 | P82: =+P46+P64 -> 2 | Q82: =+Q46+Q64 -> -10 | R82: =+R46+R64 -> 8 | S82: =+S46+S64 -> 0 | T82: =+T46+T64 -> 1 | U82: =+U46+U64 -> 3 | V82: =SUM(M82:U82) -> 18 | W82: =+V82+L82 -> 26 | X82: =+W82*0.3 -> 7.8 | Y82: =3.5-1.5 -> 2 | Z82: =3.5-1.5 -> 2 | AA82: =+AA78 -> 4 | AB82: =+X82+Y82+Z82+AA82 -> 15.8
B83: =+B65 -> Matt Brauer | C83: =+C47+C65 -> 15 | D83: =+D47+D65 -> 6 | E83: =+E47+E65 -> 6 | F83: =+F47+F65 -> 5 | G83: =+G47+G65 -> 2 | H83: =+H47+H65 -> 2 | I83: =+I47+I65 -> 9 | J83: =+J47+J65 -> 1 | K83: =+K47+K65 -> 2 | L83: =SUM(C83:K83) -> 48 | M83: =+M47+M65 -> 1 | N83: =+N47+N65 -> 6 | O83: =+O47+O65 -> 6 | P83: =+P47+P65 -> 2 | Q83: =+Q47+Q65 -> 0 | R83: =+R47+R65 -> 8 | S83: =+S47+S65 -> 2 | T83: =+T47+T65 -> 4 | U83: =+U47+U65 -> 4 | V83: =SUM(M83:U83) -> 33 | W83: =+V83+L83 -> 81 | X83: =+W83*0.3 -> 24.3 | Y83: =3.5-1.5 -> 2 | Z83: =3.5-1.5 -> 2 | AA83: =+AA79 -> 11
B84: =+B66 -> Jerry Flynn | C84: =+C48+C66 -> 6 | D84: =+D48+D66 -> -2 | E84: =+E48+E66 -> -10 | F84: =+F48+F66 -> 3 | G84: =+G48+G66 -> 0 | H84: =+H48+H66 -> 2 | I84: =+I48+I66 -> -1 | J84: =+J48+J66 -> 6 | K84: =+K48+K66 -> -10 | L84: =SUM(C84:K84) -> -6 | M84: =+M48+M66 -> -11 | N84: =+N48+N66 -> -5 | O84: =+O48+O66 -> -5 | P84: =+P48+P66 -> 2 | Q84: =+Q48+Q66 -> -2 | R84: =+R48+R66 -> 8 | S84: =+S48+S66 -> 0 | T84: =+T48+T66 -> -7 | U84: =+U48+U66 -> 3 | V84: =SUM(M84:U84) -> -17 | W84: =+V84+L84 -> -23 | X84: =+W84*0.3 -> -6.9 | Y84: =2-3.5 -> -1.5 | Z84: =1.5-4 -> -2.5 | AA84: =3-8 -> -5 | AB84: =+X84+Y84+Z84+AA84 -> -15.9
B85: =+B67 -> Mike Flynn | C85: =+C49+C67 -> -4 | D85: =+D49+D67 -> 4 | E85: =+E49+E67 -> 5 | F85: =+F49+F67 -> 3 | G85: =+G49+G67 -> 0 | H85: =+H49+H67 -> 8 | I85: =+I49+I67 -> -1 | J85: =+J49+J67 -> -5 | K85: =+K49+K67 -> 0 | L85: =SUM(C85:K85) -> 10 | M85: =+M49+M67 -> -5 | N85: =+N49+N67 -> -5 | O85: =+O49+O67 -> 4 | P85: =+P49+P67 -> 2 | Q85: =+Q49+Q67 -> 8 | R85: =+R49+R67 -> 4 | S85: =+S49+S67 -> 0 | T85: =+T49+T67 -> -7 | U85: =+U49+U67 -> 3 | V85: =SUM(M85:U85) -> 4 | W85: =+V85+L85 -> 14 | X85: =+W85*0.3 -> 4.2 | Y85: 5 | Z85: =2-3 -> -1 | AA85: =9-2 -> 7 | AB85: =+X85+Y85+Z85+AA85 -> 15.2
B86: =+B68 -> Kevin Fitzgerald | C86: =+C50+C68 -> -15 | D86: =+D50+D68 -> -7 | E86: =+E50+E68 -> -4 | F86: =+F50+F68 -> -6 | G86: =+G50+G68 -> 0 | H86: =+H50+H68 -> -5 | I86: =+I50+I68 -> -1 | J86: =+J50+J68 -> 6 | K86: =+K50+K68 -> 0 | L86: =SUM(C86:K86) -> -32 | M86: =+M50+M68 -> 5 | N86: =+N50+N68 -> 5 | O86: =+O50+O68 -> 10 | P86: =+P50+P68 -> 2 | Q86: =+Q50+Q68 -> 8 | R86: =+R50+R68 -> -10 | S86: =+S50+S68 -> 0 | T86: =+T50+T68 -> 9 | U86: =+U50+U68 -> -11 | V86: =SUM(M86:U86) -> 18 | W86: =+V86+L86 -> -14 | X86: =+W86*0.3 -> -4.2 | Y86: =1-4 -> -3 | Z86: =+Z85 -> -1 | AA86: =+AA81 -> -2 | AB86: =+X86+Y86+Z86+AA86 -> -10.2
B87: =+B69 -> Richard McGovern | C87: =+C51+C69 -> -4 | D87: =+D51+D69 -> -7 | E87: =+E51+E69 -> 11 | F87: =+F51+F69 -> 3 | G87: =+G51+G69 -> 0 | H87: =+H51+H69 -> 8 | I87: =+I51+I69 -> 9 | J87: =+J51+J69 -> -11 | K87: =+K51+K69 -> 0 | L87: =SUM(C87:K87) -> 9 | M87: =+M51+M69 -> -5 | N87: =+N51+N69 -> -5 | O87: =+O51+O69 -> -5 | P87: =+P51+P69 -> -10 | Q87: =+Q51+Q69 -> -2 | R87: =+R51+R69 -> -9 | S87: =+S51+S69 -> 0 | T87: =+T51+T69 -> -11 | U87: =+U51+U69 -> 3 | V87: =SUM(M87:U87) -> -44 | W87: =+V87+L87 -> -35 | X87: =+W87*0.3 -> -10.5 | Y87: =-1+4.5 -> 3.5 | Z87: =0.5-5 -> -4.5 | AA87: =2-9 -> -7 | AB87: =+X87+Y87+Z87+AA87 -> -18.5
B88: =+B70 -> Richie Payne | C88: =+C52+C70 -> -11 | D88: =+D52+D70 -> 14 | E88: =+E52+E70 -> 9 | F88: =+F52+F70 -> 2 | G88: =+G52+G70 -> 2 | H88: =+H52+H70 -> 0 | I88: =+I52+I70 -> 0 | J88: =+J52+J70 -> 0 | K88: =+K52+K70 -> 0 | L88: =SUM(C88:K88) -> 16 | M88: =+M52+M70 -> 0 | N88: =+N52+N70 -> 0 | O88: =+O52+O70 -> 0 | P88: =+P52+P70 -> 0 | Q88: =+Q52+Q70 -> 0 | R88: =+R52+R70 -> 0 | S88: =+S52+S70 -> 0 | T88: =+T52+T70 -> 0 | U88: =+U52+U70 -> 0 | V88: =SUM(M88:U88) -> 0 | W88: =+V88+L88 -> 16 | X88: =+W88*0.3 -> 4.8 | AB88: =+X88+Y88+Z88+AA88 -> 4.8
B89: =+B71 -> Ed Cox | C89: =+C53+C71 -> -11 | D89: =+D53+D71 -> 15 | E89: =+E53+E71 -> 0 | F89: =+F53+F71 -> 2 | G89: =+G53+G71 -> 2 | H89: =+H53+H71 -> 0 | I89: =+I53+I71 -> 0 | J89: =+J53+J71 -> 0 | K89: =+K53+K71 -> 0 | L89: =SUM(C89:K89) -> 8 | M89: =+M53+M71 -> 0 | N89: =+N53+N71 -> 0 | O89: =+O53+O71 -> 0 | P89: =+P53+P71 -> 0 | Q89: =+Q53+Q71 -> 0 | R89: =+R53+R71 -> 0 | S89: =+S53+S71 -> 0 | T89: =+T53+T71 -> 0 | U89: =+U53+U71 -> 0 | V89: =SUM(M89:U89) -> 0 | W89: =+V89+L89 -> 8 | X89: =+W89*0.3 -> 2.4 | AB89: =+X89+Y89+Z89+AA89 -> 2.4
B90: =+B72 -> Jack Sullivan | C90: =+C54+C72 -> -11 | D90: =+D54+D72 -> 1 | E90: =+E54+E72 -> 3 | F90: =+F54+F72 -> 2 | G90: =+G54+G72 -> 0 | H90: =+H54+H72 -> 0 | I90: =+I54+I72 -> 0 | J90: =+J54+J72 -> 0 | K90: =+K54+K72 -> 0 | L90: =SUM(C90:K90) -> -5 | M90: =+M54+M72 -> 0 | N90: =+N54+N72 -> 0 | O90: =+O54+O72 -> 0 | P90: =+P54+P72 -> 0 | Q90: =+Q54+Q72 -> 0 | R90: =+R54+R72 -> 0 | S90: =+S54+S72 -> 0 | T90: =+T54+T72 -> 0 | U90: =+U54+U72 -> 0 | V90: =SUM(M90:U90) -> 0 | W90: =+V90+L90 -> -5 | X90: =+W90*0.3 -> -1.5 | AB90: =+X90+Y90+Z90+AA90 -> -1.5
C91: =SUM(C75:C90) -> 17 | D91: =SUM(D75:D90) -> 36 | E91: =SUM(E75:E90) -> 18 | F91: =SUM(F75:F90) -> 11 | G91: =SUM(G75:G90) -> 6 | H91: =SUM(H75:H90) -> 2 | I91: =SUM(I75:I90) -> 9 | J91: =SUM(J75:J90) -> 1 | ... AB91: =SUM(AB75:AB90) -> 16.2

Sheet Rules
B3: 0.5 | C3: each 9 holes per person
B4: 1 | C4: each total 18 holes per person
